項次,工會屬性,工會名稱,理事長,郵遞區號,通訊地址,聯絡電話
1,職業工會,台北市電影戲劇業職業工會,楊作修,115,臺北市南港區重陽路263巷2號4樓,(02)27888782
2,職業工會,臺北市印刷業職業工會,林有寶,108,臺北市萬華區永福街51巷11號1樓,(02)23313858
3,職業工會,臺北市理燙髮美容業職業工會,紀政信,104,臺北市中山區南京東路1段96號10樓,(02)25651770
4,職業工會,臺北市木工業職業工會,王覺毅,100,臺北市中正區愛國西路9號6樓之2,(02)23832887
5,職業工會,臺北市汽車駕駛員職業工會,廖天聖,114,臺北市內湖區舊宗路二段181巷10號,(02)26599999
6,職業工會,台北市縫紉業職業工會,鍾景裕,103,臺北市大同區南京西路165號2樓,(02)25583911
7,職業工會,台北市皮鞋業職業工會,林傳成,103,臺北市大同區甘州街22號3樓,(02)25536873
8,職業工會,臺北市汽車貨物裝卸業職業工會,張宗揚,103,臺北市大同區迪化街二段151號,(02)25921831
9,職業工會,台北市餐飲業職業工會,林金城,114,臺北市內湖區舊宗路1段18號2樓,(02)27961234
10,職業工會,台北市屠宰業職業工會,陳蓮發,103,臺北市大同區甘州街22號2樓之3,(02)25570131
11,職業工會,台北市派報業職業工會,吳國衡,100,臺北市中正區重慶南路1段99號8樓805室　,(02)23318252
12,職業工會,台北市浴室業職業工會,張永昌,111,臺北市士林區忠誠路2段118巷16之4號2樓,
13,職業工會,台北市皮鞋服務業職業工會,黃子容,108,臺北市萬華區中華路1段16號10樓之2,(02)23316038
14,職業工會,台北市鑲牙齒模承造業職業工會,黃兼盛,100,臺北市中正區和平西路1段84號9樓,(02)23676747
15,職業工會,臺北市汽車修理業職業工會,黃曾根,106,臺北市大安區文昌街280巷47號2樓,(02)27078593
16,職業工會,台北市乳品派送業職業工會,林國樑,116,臺北市文山區光輝路71巷9號1樓,(02)29384963
17,職業工會,台北市按摩業職業工會,盧江葦,104,臺北市中山區林森北路101號11樓之3,(02)21002425
18,職業工會,臺北市電氣裝置業職業工會,黃林彩珠,111,臺北市士林區重慶北路4段81號4樓之1,(02)28126623
19,職業工會,台北市鐘錶眼鏡業職業工會,林政良,100,臺北市中正區愛國西路9號4樓之8,(02)23144996
20,職業工會,臺北市音樂業職業工會,郭建澎,103,臺北市大同區延平北路1段22號3樓之3,(02)25559880
21,職業工會,台北市旅館業職業工會,姜禮裕,104,臺北市中山區中山北路3段26號7樓,(02)25962107
22,職業工會,台北市洗染業職業工會,何耀錡,104,臺北市中山區中山北路1段92號11樓之1,(02)25517353
23,職業工會,臺北市彫刻業職業工會,陳葆奇,103,臺北市大同區承德路3段10號5樓之1,(02)25858848
24,職業工會,臺北市技藝舞蹈表演業職業工會,張克仁,100,臺北市中正區重慶南路1段10號4樓之10,(02)23815653
25,職業工會,台北市水管裝置業職業工會,林肇俊,105,臺北市松山區三民路95巷32號,(02)27697850
26,職業工會,臺北市糕餅業職業工會,陳中明,104,臺北市中山區龍江路96號3樓,(02)25078472
27,職業工會,台北市機車服務業職業工會,林建同,100,臺北市中正區羅斯福路3段100號2樓之7,(02)23680115
28,職業工會,台北市汽車服務業職業工會,徐文溪,108,臺北市萬華區康定路162號2樓,(02)23390579
29,職業工會,臺北市攝錄影業職業工會,黃銘通,106,臺北市大安區和平東路2段111號3樓,(02)27037410
30,職業工會,台北市營造業職業工會,邱寶安,108,臺北市萬華區環河南路2段37號,(02)23821688
31,職業工會,臺北市五金業職業工會,王進財,103,臺北市大同區重慶北路三段347號2樓之3,(02)25973456
32,職業工會,臺北市裝潢裱褙業職業工會,林峻毅,100,臺北市中正區杭州南路1段147號2樓,(02)23939984
33,職業工會,臺北市鋼琴調音業職業工會,黃建新,104,臺北市中山區新生北路2段60巷2號7樓之8,(02)25368480
34,職業工會,台北市電影電視演藝業職業工會,曹莉,104,臺北市中山區復興北路62號3樓之2,(02)25151580
35,職業工會,臺北市油漆業職業工會,謝森松,110,臺北市信義區基隆路2段151-7號2樓之1,(02)27361045
36,職業工會,臺北市廣告業職業工會,黃子銘,100,臺北市中正區中華路2段381巷4之1號2樓,(02)23072702
37,職業工會,台北市自行車裝修業職業工會,白勝方,106,臺北市大安區和平東路2段181號4樓,(02)27073561
38,職業工會,臺北市玩具業職業工會,賴君彥,103,臺北市大同區長安西路205號3樓之6,(02)25557549
39,職業工會,台北市旅遊業職業工會,葉素珍,104,臺北市中山區林森北路289號7樓702室,(02)25415522
40,職業工會,臺北市禮儀用品業職業工會,陳黃孝卿,103,臺北市大同區長安西路205號2樓之3,(02)25559541
41,職業工會,台北市皮革製品業職業工會,周銀桂,100,臺北市中正區重慶南路2段21號7樓之4,(02)23929619
42,職業工會,台北市鐵工業職業工會,溫勝福,111,臺北市士林區中正路594號2樓,(02)28117795
43,職業工會,臺北市殯葬業職業工會,鄭瑞昱 ,104,臺北市中山區民權東路2段204號3樓,(02)25033017
44,職業工會,台北市線類編織業職業工會,張唯涵,100,臺北市中正區重慶南路2段21號7樓之4,(02)23410871
45,職業工會,台北市清潔管理服務業職業工會,廖正龍,108,臺北市萬華區康定路162號2樓,(02)23390579
46,職業工會,台北市冷凍空調工程業職業工會,尤錫?,111,臺北市士林區中山北路7段81巷30號2樓,(02)28737586
47,職業工會,臺北市手工藝製品職業工會,蔡杰廷,104,臺北市中山區錦州街5號3樓,(02)25651112
48,職業工會,台北市蛋類加工派送業職業工會,林福來,100,臺北市中正區愛國西路9號3樓之15,(02)23618682
49,職業工會,台北市寢具業職業工會,陳文輝,104,臺北市中山區農安街277號4樓之2,(02)25040017
50,職業工會,臺北市肉類食品加工業職業工會,李聲興,100,臺北市中正區中華路2段467巷14弄13號,(02)23038008
51,職業工會,台北市園藝花卉業職業工會,林添龍,114,臺北市內湖區新湖三路28號3樓,(02)27913565
52,職業工會,台北市打字複印業職業工會,郭春重,104,臺北市中山區新生北路1段59之1號12樓,(02)25230929
53,職業工會,臺北市度量衡裝修業職業工會,吳文彬,104,臺北市中山區民權東路2段26號7樓之5,(02)25428208
54,職業工會,台北市豆類加工業職業工會,林文西,112,臺北市北投區光明路188之2號,(02)28929263
55,職業工會,臺北市泥水業職業工會,張惟皓,108,臺北市萬華區中華路1段182號1樓,(02)23703399
56,職業工會,台北市麵粉製品業職業工會,蘇惠芬,100,臺北市中正區忠孝西路1段50號13樓之38,(02)23610896
57,職業工會,台北市醬類業職業工會,戴忠良,100,臺北市中正區忠孝西路1段50號13樓之34、38、40,(02)23610896
58,職業工會,台北市貨物包裝運送服務業職業工會,廖維恒,100,臺北市中正區中華路2段81巷61號2樓,(02)23813316
59,職業工會,台北市百貨服務業職業工會,廖正龍,108,臺北市萬華區康定路162號2樓,(02)23390659
60,職業工會,台北市竹工業職業工會,賴正浩,100,臺北市中正區漢口街1段110號906室,(02)23819018
61,職業工會,台北市中藥製造業職業工會,袁千富,104,臺北市中山區長安東路一段75號6樓,(02)25319393
62,職業工會,臺北市西藥服務業職業工會,周雨蕾,104,臺北市中山區新生北路3段61號6樓之6,(02)25952013
63,職業工會,台北市氣體燃料裝置業職業工會,周銘冠,100,臺北市中正區重慶南路1段121號6樓14室,(02)23111823
64,職業工會,臺北市玻璃裝配業職業工會,蔡漢林,104,臺北市中山區長安東路1段16號6樓之1,(02)25317792
65,職業工會,台北市帽蓆編織業職業工會,林柏宇,104,臺北市中山區南京東路1段86號8樓802室,(02)25811211
66,職業工會,台北市飼料製造服務職業工會,戴忠良,100,臺北市中正區忠孝西路1段50號13樓之41,(02)23610216
67,職業工會,台北市針車服務業職業工會,李金龍,108,臺北市萬華區和平西路3段52巷6弄13號,(02)23029267
68,職業工會,台北市輪胎修理業職業工會,吳綺雯,108,臺北市萬華區南寧路39號,(02)23367961
69,職業工會,臺北市資訊服務業職業工會,林國能,103,臺北市大同區延平北路1段22號8樓之6,(02)25590275
70,職業工會,臺北市果菜包裝運送業職業工會,鄧振田,108,臺北市萬華區富民路145巷15弄23號2樓,(02)23051678
71,職業工會,臺北市運動服務業職業工會,高樹弘,114,臺北市內湖區內湖路1段91巷35弄17號1樓,(02)26574625
72,職業工會,台北市視聽服務業職業工會,李昆明,112,臺北市北投區中和街521號,(02)28912656
73,職業工會,台北市服飾設計業職業工會,廖麗娟,104,臺北市中山區民權西路20號5樓之12,(02)25214525
74,職業工會,台北市汽車裝潢業職業工會,陳金發,112,臺北市北投區溫泉路71號7樓之4,(02)28979500
75,職業工會,台北市製茶業職業工會,陳宏欣,103,臺北市大同區延平北路2段246號1樓,(02)25537703
76,職業工會,臺北市會計業職業工會,李華,106,臺北市大安區和平東路2段100號5樓之5,(02)27399106
77,職業工會,台北市銀樓業職業工會,吳三村,108,臺北市萬華區西寧南路219號7樓,(02)23753627
78,職業工會,台北市魚貨搬運業職業工會,張雲台,108,臺北市萬華區長沙街2段73號6樓之1,(02)23115574
79,職業工會,台北市舊貨業職業工會,郭宗耀,100,臺北市中正區重慶南路3段88號2樓,(02)23075043
80,職業工會,台北市防水防漏業職業工會,顧建強,108,臺北市萬華區成都路81號7樓16室,(02)25928373
81,職業工會,臺北市小貨車裝運業職業工會,王興祺,100,臺北市中正區中華路2段81巷61號2樓,(02)23813316
82,職業工會,臺北市鞋類服務職業工會,戴文明,100,臺北市中正區忠孝西路1段50號13樓之34,(02)23610138
83,職業工會,台北市紙類加工業職業工會,高紹騏,106,臺北市大安區仁愛路4段419之1號2樓,(02)27317784
84,職業工會,臺北市電器裝置業職業工會,許文翰,104,臺北市中山區民權西路20號5樓之12,(02)25214525
85,職業工會,台北市電子機械加工業職業工會,黃啟進,100,台北市中正區汀州路一段242巷26號3樓,(02)27754512
86,職業工會,台北市魚類食品加工業職業工會,謝建全,100,臺北市中正區中華路2段305巷5號1樓,(02)23078067
87,職業工會,臺北市蔬菜加工業職業工會,陳錫恭,108,臺北市萬華區萬大路506巷24號1樓,(02)23079866
88,職業工會,台北市雜誌業職業工會,高愷均,106,臺北市大安區仁愛路4段419之1號2樓,(02)66131168
89,職業工會,臺北市食米加工運送業職業工會,鄭琇玲,111,臺北市士林區葫蘆街110號,(02)26275880
90,職業工會,台北市液化氣體裝置運送業職業工會,朱煒明,100,臺北市中正區重慶南路1段121號6樓14室,(02)23111823
91,職業工會,台北市女子燙髮業職業工會,林國成,104,臺北市中山區吉林路239號7樓之1,(02)25818857
92,職業工會,臺北市公寓大廈管理服務業職業工會,史衣甯,104,臺北市中山區民生西路16號11樓,(02)25623958
93,職業工會,台北市男子髮藝造型職業工會,林庭瑄,110,臺北市南港區忠孝東路5段815號9樓,(02)27831506
94,職業工會,台北市美容業職業工會,蔡璧舟,104,臺北市中山區林森北路289號10樓之10室,(02)25623982
95,職業工會,台北市室內裝潢業職業工會,簡立維,108,臺北市萬華區西園路2段135號3樓,(02)23063212
96,職業工會,臺北市記帳業職業工會,李竹森,105,臺北市松山區南京東路4段197號2樓,(02)87705169
97,職業工會,臺北市佛俱用品業職業工會,楊筱茹,111,臺北市士林區福港街259巷9弄3號1樓,
98,職業工會,臺北市成衣服飾整理加工業職業工會,許陳親,111,臺北市士林區重慶北路4段230號10樓,(02)28125822
99,職業工會,台北市拉鍊加工業職業工會,羅秀英,104,臺北市中山區南京東路1段86號9樓905室,(02)25372941
100,職業工會,台北市雨傘加工修理業職業工會,楊星漢,104,臺北市中山區南京東路1段86號9樓905室,(02)25372941
101,職業工會,台北市保險業職業工會,黃淑貞 ,100,臺北市中正區忠孝西路1段50號13樓之36,(02)23610096
102,職業工會,台北市西點麵包業職業工會,周錦輝,104,臺北市中山區松江路506號2樓之1,(02)25927296
103,職業工會,台北市製圖業職業工會,陳培芬,103,臺北市大同區寧夏路11號11樓之7,(02)25552986
104,職業工會,台北市理燙髮美容材料運送業職業工會,楊周明,104,臺北市中山區南京東路2段21巷30號1樓,(02)25717460
105,職業工會,台北市農業機械代耕業職業工會,林芳一,100,臺北市中正區博愛路25號5樓502室,(02)23813089
106,職業工會,台北市家事服務業職業工會,陳富美,103,臺北市大同區敦煌路7號1樓,(02)25928632
107,職業工會,臺北市宗教服務業職業工會,鄧永絢,108,臺北市萬華區昆明街58號5樓之5,(02)23141094
108,職業工會,台北市食品雜貨運送業職業工會,陳晶婷,112,臺北市北投區溫泉路71號7樓之4,(02)28979500
109,職業工會,台北市魚貨運銷業職業工會,李俊毅,100,臺北市中正區中華路2段305巷5號1樓,(02)23078067
110,職業工會,台北市針織業職業工會,黃新福,104,臺北市中山區民權西路20號5樓之12,(02)25214525
111,職業工會,臺北市地政業務從業人員職業工會,胡清河,108,臺北市萬華區漢中街2號5樓之1,(02)23886047
112,職業工會,臺北市報關服務職業工會,鄭旭芳,104,臺北市中山區新生北路3段64號1樓,(02)25865235
113,職業工會,臺北市帆布加工業職業工會,呂宛陵,108,臺北市萬華區西園路2段140巷14號,(02)23023121
114,職業工會,台北市小吃業職業工會,蔡美滿,106,臺北市大安區和平東路2段100號5樓之5,(02)27399105
115,職業工會,台北市家具運送業職業工會,李焜照,108,臺北市萬華區萬大路98號1樓,(02)23061040
116,職業工會,台北市建築鋼筋業職業工會,莊隆厚,100,臺北市中正區重慶南路2段21號7樓之4,(02)23971298
117,職業工會,台北市舞蹈職業工會,戴誌輝,100,臺北市中正區忠孝西路1段50號13樓之34,(02)23610866
118,職業工會,台北市搬家業職業工會,譚茂源,104,臺北市中山區新生北路3段61號6樓之6,(02)25942924
119,職業工會,台北市攤販職業工會,陳柳美英,108,臺北市萬華區桂林路246巷42弄15號4樓,(02)23042886
120,職業工會,台北市進出口貿易服務業職業工會,陳永霖,103,臺北市大同區長安西路205號2樓之4,(02)25551707
121,職業工會,台北市衛廚器材業職業工會,陳美嬌,112,臺北市北投區明德路201號,(02)28214315
122,職業工會,台北市不動產服務業職業工會,黃麒豪,100,臺北市中正區漢口街1段110號9樓之16,(02)23145701
123,職業工會,台北市檳榔包裝加工業職業工會,林韋銘,104,臺北市中山區吉林路239號2樓之1,(02)25420960
124,職業工會,台北市重機械操作業職業工會,張惟皓,108,臺北市萬華區中華路1段182號1樓,(02)23703399
125,職業工會,台北市汽車材料理貨業職業工會,高紹騏,106,臺北市大安區仁愛路4段419之1號2樓,(02)27317784
126,職業工會,台北市運動器材加工業職業工會,高愷均,106,臺北市大安區仁愛路4段419之1號2樓,(02)27317784
127,職業工會,臺北市青果加工業職業工會,王幼良,108,臺北市萬華區德昌街254號4樓,(02)23035097
128,職業工會,台北市砌磚業職業工會,陳宏富,105,臺北市松山區八德路4段220號5樓之1,(02)27613708
129,職業工會,台北市石作業職業工會,"楊有平
吳萬生",112,臺北市北投區立農街1段243號4樓,(02)28206046
130,職業工會,台北市售票員業職業工會,古明禾,100,臺北市中正區羅斯福路2段7之6號9樓,(02)23510823
131,職業工會,台北市事務機器業職業工會,吳權鴻,100,臺北市中正區忠孝西路1段41號11樓之11,(02)23913589
132,職業工會,台北市廚具爐具裝置運送業職業工會,彭重雄,100,臺北市中正區中華路2段305巷13號1樓,(02)23072265
133,職業工會,台北市星相卜卦堪輿業職業工會,黎進來,103,臺北市大同區西寧北路83號6樓之2,(02)25561776
134,職業工會,台北市圖書文具運送業職業工會,王銓昌,106,臺北市大安區羅斯福路2段91號16樓之2,(02)23693392
135,職業工會,台北市廚師業職業工會,周情意,116,臺北市文山區景華街21號1樓,(02)29349828
136,職業工會,台北市水泥加工業職業工會,陳信翰,112,臺北市北投區石牌路1段150號3樓,(02)28271329
137,職業工會,台北市工商服務業職業工會,李錫霖,115,臺北市南港區忠孝東路5段815號6樓之1,(02)27889612
138,職業工會,台北市褓姆業職業工會,許幼瀚,108,臺北市萬華區環河南路3段201號3樓,(02)23076942
139,職業工會,臺北市勞工團體聘僱人員業職業工會,"陳淵源
蔡維益
高銘順",106,臺北市大安區光復南路296號5樓(遷址),(02)25216536
140,職業工會,臺北市各業工人聯合會職業工會,謝炳山,108,臺北市萬華區漢口街2段75之1號5樓,(02)23121732
141,職業工會,臺北市體育用品業職業工會,賀詩芸,100,臺北市中正區博愛路25號5樓502室,(02)23110702
142,職業工會,臺北市工商團體會務工作人員職業工會,"莊石鑑
陳四郎
鄭兆熙",108,臺北市萬華區昆明街275號5樓(遷址),(02)23365718
143,職業工會,台北市繕寫人員業職業工會,殷錦娟,104,臺北市中山區長春路26號8樓之3,(02)25810607
144,職業工會,臺北市報紙廣告業職業工會,方淑卿,100,臺北市中正區漢口街1段110號2樓之11,(02)23717490
145,職業工會,台北市家具製造修理職業工會,吳易達,111,臺北市士林區承德路4段80巷14號5樓,(02)28854887
146,職業工會,台北市塑膠製品製造工職業工會,謝清永,103,臺北市大同區重慶北路3段223巷29號1樓,(02)25922391
147,職業工會,臺北市廢品收購人職業工會,余國榮,111,臺北市士林區福港街259巷9弄3號1樓,(02)28828400
148,職業工會,台北市建築鷹架業職業工會,賴坤應,100,臺北市中正區重慶南路2段21號7樓之4,(02)23971753
149,職業工會,台北市書畫美術人員職業工會,劉美娟 ,104,臺北市中山區中山北路1段53巷20號8樓之3,(02)25215559
150,職業工會,台北市縫製裝飾品製作工職業工會,陳蔡麗華,112,臺北市北投區明德路201號,(02)28214315
151,職業工會,台北市橡膠製品製造工職業工會,高進祥,104,臺北市中山區長春路26號8樓之3,(02)25119857
152,職業工會,台北市統計數學佐理人員業職業工會,劉建弘,105,臺北市松山區八德路4段181巷22號1樓,(02)27568789
153,職業工會,臺北市廣播節目製作業職業工會,許雅迪,103,臺北市大同區迪化街一段50號3樓D室,(02)25566420
154,職業工會,臺北市金屬製造工職業工會,黃鎮  ,108,臺北市萬華區莒光路250之1號6樓,(02)23021477
155,職業工會,台北市醫療器材業職業工會,李千金,108,臺北市萬華區康定路190號2樓,(02)23314833
156,職業工會,台北市巡迴推銷員職業工會,陳宜安,112,臺北市北投區石牌路1段150號3樓,(02)28271329
157,職業工會,台北市飲料店業職業工會,黃坤池,103,臺北市大同區重慶北路3段223巷23弄3之1號2樓,(02)25914159
158,職業工會,臺北市肉類處理職業工會,黃瀚,111,台北市士林區葫東街33號2樓,(02)28150243
159,職業工會,台北市導遊職業工會,吳洪泉,104,臺北市中山區民權東路2段9號3樓,(02)25919441
160,職業工會,台北市營建土木職業工會,阮丁來,108,台北市萬華區桂林路157號1樓,(02)23098351
161,職業工會,臺北市農事服務職業工會,侯玉珠,108,臺北市萬華區中華路2段300巷13弄5號,(02)23051109
162,職業工會,台北市百貨行售貨職業工會,謝俊吉,106,臺北市大安區羅斯福路2段91號16樓之2,(02)23693392
163,職業工會,臺北市計程車駕駛員職業工會,鄭釧義,106,臺北市大安區建國南路1段44巷1號1樓,(02)27715440
164,職業工會,臺北市菇類種植製造職業工會,古明禾,108,臺北市萬華區萬大路528號1樓,(02)23092878
165,職業工會,台北市花藝設計製作職業工會,林秀金,104,臺北市中山區吉林路239號2樓之1,(02)25420960
166,職業工會,台北市飾品加工職業工會,王榮華,103,臺北市大同區赤峰街23巷11號3樓,(02)25582782
167,職業工會,台北市保育人員職業工會,黃美華,116,臺北市文山區景華街21號1樓,(02)29349828
168,職業工會,台北市建築材料運送職業工會,王詩榜,112,台北市北投區明德路65號2樓,(02)28277951
169,職業工會,台北市冰果冷飲服務職業工會,古佩玉,108,臺北市萬華區萬大路528號1樓,(02)23072673
170,職業工會,臺北市成衣服裝包裝運送職業工會,王永華,110,臺北市信義區松山路132號7樓之1,(02)27632851
171,職業工會,台北市模特兒職業工會,李佩芬,104,臺北市中山區林森北路289號10樓之12,(02)25233567
172,職業工會,臺北市日用品運送服務業職業工會,張高維,104,臺北市中山區中山北路3段29號5樓之2,(02)25959340
173,職業工會,臺北市家畜飼養職業工會,李侑頻,110,臺北市信義區忠孝東路5段492巷9號,(02)23463020
174,職業工會,臺北市接骨服務職業工會,王川井,105,臺北市松山區八德路3段120號11樓,(02)25793100
175,職業工會,臺北市作物栽培業職業工會,熊雪蓮,111,臺北市士林區社子街138號1樓,(02)28125723
176,職業工會,臺北市刻印職業工會,"林王梅雀
楊建發
吳德樑",104,臺北市中山區新生北路2段60巷2號3樓之7,(02)25411245
177,職業工會,臺北市雕刻裝配料職業工會,陳順意,103,臺北市大同區酒泉街121號2樓,(02)25929518
178,職業工會,臺北市配音人員職業工會,曹冀魯,105,臺北市松山區南京東路3段305號5樓506室,(02)27170153
179,職業工會,臺北市麵食製作職業工會,顏榮利,100,臺北市中正區西藏路18號4樓,(02)23041544
180,職業工會,臺北市國會助理職業工會,李永誠,100,臺北市中正區濟南路1段3-1號508室,(02)23588081
181,職業工會,臺北市劇團演藝職業工會,柯加財,103,臺北市大同區重慶北路2段196號6樓之11,(02)25520352
182,職業工會,台北市大眾傳播職業工會,鄭文煌,104,臺北市中山區農安街32號7樓之1,(02)25975091
183,職業工會,臺北市冷凍貨物裝卸職業工會,郭育碩,116,臺北市文山區萬安街16巷8號2樓之1,(02)23056263
184,職業工會,台北市護士職業工會,常靜蓉,100,臺北市中正區忠孝西路1段50號13樓之41,(02)23610896
185,職業工會,台北市消防設備職業工會,尤進茂,104,臺北市中山區吉林路407巷9號1樓,(02)25953131
186,職業工會,臺北市保全業職業工會,譚秋英,104,臺北市中山區新生北路3段61號6樓之6,(02)25992125
187,職業工會,台北市傳統整復推拿與民俗調理職業工會,胡震亞,106,臺北市大安區基隆路2段166號4樓,(02)23379110
188,職業工會,臺北市環保廢棄物清除處理職業工會,鄭聘玫 ,111,臺北市士林區葫蘆街110號,(02)28166566
189,職業工會,臺北市公有市場零售攤販職業工會,陳柳美英,108,臺北市萬華區桂林路246巷42弄15號4樓,(02)23042886
190,職業工會,臺北市職業棒球員職業工會,陳傑憲,105,臺北市松山區南京東路4段171號12樓之2,(02)87707278
191,職業工會,台北市美姿禮儀造型職業工會,殷艷莉,220,新北市板橋區文化路2段124巷12之1號2樓,(02)22585901
192,職業工會,台北市漫畫從業人員職業工會,黃俊維,108,臺北市萬華區西園路1段145號B2樓21號,(02)23120045
193,職業工會,臺北市傳統整復員職業工會,江元璋,100,臺北市中正區博愛路52號6樓,(02)23114241
194,職業工會,台北市新聞業職業工會,鄭文煌,104,臺北市中山區農安街32號7樓之1,(02)25975091
195,職業工會,台北市廢金屬處理職業工會,吳三村,108,臺北市萬華區西寧南路219號7樓,(02)23753627
196,職業工會,臺北市美髮美容技術指導員職業工會,陳廣生,108,臺北市萬華區西藏路269巷12號1樓,(02)23034362
197,職業工會,臺北市西服製作職業工會,陳淵源,103,臺北市大同區重慶北路2段48號6樓,(02)28926153
198,職業工會,台北市個人投資理財代理人職業工會,林承憲,103,臺北市大同區重慶北路1段87號2樓,(02)25507773
199,職業工會,臺北市模板業職業工會,林泰源,108,臺北市萬華區環河南路2段37號1樓,(02)23821688
200,職業工會,臺北市電子零件裝配人員職業工會,劉祿豐,106,臺北市大安區和平東路3段406巷3號5樓,
201,職業工會,臺北市技工工友職業工會,周金進,110,臺北市信義區富陽街54號3樓(被退件，搬遷),(02)27352702
202,職業工會,台北市社區服務人員職業工會,王兆慶,104,臺北市中山區民生東路1段70號8樓,(02)25216155
203,職業工會,臺北市地方公職人員助理職業工會,劉怡廷,110,臺北市信義區仁愛路4段507號746室,(02)27297708
204,職業工會,臺北市汽車保養人員職業工會,王陳月娥,115,臺北市南港區中南街63號1樓,(02)27851234
205,職業工會,臺北市陸上運輸服務人員職業工會,陳育材,112,臺北市北投區文林北路234之3號1樓,(02)28212687
206,職業工會,臺北市彩券販賣人員職業工會,姜村隆,104,臺北市中山區民權東路1段12巷7號,(02)25812807
207,職業工會,臺北市仲介業職業工會,陳牧玄,104,臺北市中山區民權東路2段206號7樓,(02)25182896
208,職業工會,臺北市電腦工程業職業工會,鄭昕昀,112,臺北市北投區東華街2段212號,(02)28281444
209,職業工會,臺北市機師職業工會,李冠宇,105,臺北市松山區民權東路3段142號8樓805室,(02)27169810
210,職業工會,臺北市青草藥製造職業工會,陳仁章,108,臺北市萬華區東園街28巷50之11號,(02)23377042
211,職業工會,臺北市幼兒托育職業工會,董育晴,116,臺北市文山區景華街21號1樓,(02)29350559
212,職業工會,臺北市通信服務人員職業工會,廖年豐,104,臺北市中山區民權西路20號5樓之12,(02)25214525
213,職業工會,臺北市陰陽宅設計職業工會,廖年茂,104,臺北市中山區民權西路20號5樓之12,(02)25214525
214,職業工會,臺北市推銷員職業工會,林靜榆,116,臺北市文山區景華街21號1樓,(02)29350559
215,職業工會,臺北市租賃小客車駕駛員職業工會,簡哲賢,103,臺北市大同區承德路3段86號3樓(非工會地址，請勿寄送),(02)25948608
216,職業工會,臺北市人民團體聘僱人員職業工會,孫瑞蓮,235,新北市中和區景平路140號3樓,(02)22398872
217,職業工會,台北市社區環境服務人員職業工會,林恩豪,104,台北市中山區民生東路一段 54 號 11 樓,(02)25634456
218,職業工會,臺北市商店售貨業職業工會,孫荷芳,108,臺北市萬華區萬大路548號,(02)23375719
219,職業工會,臺北市茶業包裝加工業職業工會,陳阿雀,100,臺北市中正區和平西路1段84號2樓,(02)23697688
220,職業工會,臺北市中餐服務人員職業工會,盧錦桃,100,臺北市中正區愛國西路9號4樓之2,(02)27961234
221,職業工會,臺北市西餐服務人員職業工會,余財發,100,臺北市中正區愛國西路9號4樓之2,(02)27961234
222,職業工會,臺北市外燴服務人員職業工會,,100,臺北市中正區愛國西路9號4樓之2,(02)27961234
223,職業工會,臺北市模具製作工職業工會,周敦瑛,108,臺北市萬華區莒光路130號4樓,(02)23380960
224,職業工會,臺北市翻譯業職業工會,張佑瑋,104,臺北市中山區中山北路3段29號5樓之3,(02)25928612
225,職業工會,臺北市話務人員職業工會,洪文煙,103,臺北市大同區民族西路303巷37號1樓,(02)25353536
226,職業工會,臺北市直銷人員職業工會,林恩新,104,台北市中山區民生東路一段 54 號 11 樓,(02)25673302
227,職業工會,臺北市才藝教學服務人員職業工會,潘敏媛,108,臺北市萬華區中華路1段182號1樓,(02)23213799
228,職業工會,臺北市電腦文書處理人員職業工會,高殷傑,104,臺北市中山區長春路26號8樓之3,(02)25119857
229,職業工會,臺北市汽車洗車工職業工會,陳慶鴻,103,臺北市大同區長安西路205號2樓之3,(02)25559541
230,職業工會,臺北市農產品運送業職業工會,潘明娟,108,臺北市萬華區中華路1段182號1樓,(02)23703399
231,職業工會,臺北市網路咖啡服務業職業工會,張華棈,108,臺北市萬華區中華路1段182號1樓,(02)23213799
232,職業工會,臺北市個人計程車駕駛員職業工會,阮志雄,104,臺北市中山區民族東路63-1號,(02)25170465
233,職業工會,臺北市保險業務職業工會,張煒如,108,臺北市萬華區中華路1段182號1樓,(02)23213799
234,職業工會,臺北市網路購物服務人員職業工會,林政良,100,臺北市中正區愛國西路9號4樓之6,(02)23144996
235,職業工會,臺北市網路技術研發人員職業工會,張惟皓,108,臺北市萬華區中華路1段182號1樓,(02)23213799
236,職業工會,臺北市解說員職業工會,黃美琇,116,臺北市文山區景華街47號,(02)29325187
237,職業工會,臺北市照顧服務員職業工會,吳秋燕,103,臺北市大同區重慶北路2段73巷27號3樓,(02)25502289
238,職業工會,臺北市小販業職業工會,廖年豐,103,臺北市大同區重慶北路3段223巷29號1樓,(02)25922391
239,職業工會,臺北市輔育人員職業工會,潘星渝,108,臺北市萬華區中華路1段182號1樓,(02)23213799
240,職業工會,臺北市餐盒製作包裝運送業職業工會,陳雅蓁,111,臺北市士林區社子街130號,(02)28110007
241,職業工會,臺北市木材裁剪加工運送職業工會,李信男,105,臺北市松山區三民路95巷32號,(02)27697852
242,職業工會,臺北市寵物服務員職業工會,馬慧男,100,臺北市中正區忠孝西路1段50號13樓之41,(02)23610869
243,職業工會,台北市保險服務業職業工會,李月嬌,103,臺北市大同區赤峰街23巷11號3樓,(02)25581950
244,職業工會,臺北市成衣熨燙人員職業工會,吳昭男,108,臺北市萬華區西寧南路132號3樓,(02)23317676
245,職業工會,臺北市中藥服務業職業工會,陳志朋,103,臺北市大同區保安街1之25號,(02)25520938
246,職業工會,臺北市影劇歌舞服務職業工會,曹莉,104,臺北市中山區復興北路62號3樓之2,(02)25151580
247,職業工會,臺北市特種飲食業從業人員職業工會,邱榮勳,110,臺北市信義區基隆路1段432號3樓301室,(02)27296635
248,職業工會,臺北市百貨公司售貨業職業工會,葉乾農,103,臺北市大同區長安西路33號8樓,(02)25507006
249,職業工會,臺北市拍賣人員職業工會,蔡式榖,105,臺北市松山區三民路95巷30號,(02)27697852
250,職業工會,臺北市地政士職業工會,"魏金珠 
劉玉霞
 廖碧蓮",106,臺北市大安區信義路4段109號4樓(被退件),(02)27044018
251,職業工會,臺北市車輛保管人員職業工會,沈秋娜,106,臺北市大安區市民大道3段144號4樓(被退件),
252,職業工會,台北市藝文創作人員職業工會,薄懷武,108,臺北市萬華區萬大路254號,(02)23073089
253,職業工會,臺北市勞動力服務人員職業工會,張惠琪,106,臺北市大安區新生南路1段155號5樓,(02)27077727
254,職業工會,臺北市禮儀服務業職業工會,葉謀聰,100,?臺北市中正區忠孝西路一段41號11樓之11,(02)25551707
255,職業工會,臺北市驗光配鏡人員職業工會,張重光,100,臺北市中正區愛國西路9號4樓之7,(02)23144996
256,職業工會,台北市婚禮設計服務人員職業工會,譚伊伶,104,臺北市中山區新生北路3段61號6樓之6,(02)25865078
257,職業工會,臺北市腳底按摩職業工會,郭建伸,104,臺北市中山區民權西路20號5樓之12,(02)25214525
258,職業工會,臺北市蛋類包裝業職業工會,高寶朝,100,臺北市中正區愛國西路9號3樓之15,(02)23618682
259,職業工會,臺北市芳薰香植物精油服務人員職業工會,姚思瑜,100,臺北市中正區忠孝西路1段41號11樓之11,(02)23913589
260,職業工會,臺北市安親班從業人員職業工會,謝美花,103,臺北市大同區赤峰街23巷11號3樓,(02)25582782
261,職業工會,臺北市保險代理職業工會,林恩永,104,台北市中山區民生東路一段 54 號 11 樓,(02)25719188
262,職業工會,臺北市汽車美容人員職業工會,鄭旭倫,104,臺北市中山區新生北路3段64號1樓,(02)25865236
263,職業工會,臺北市倉儲運輸從業人員業職業工會,莊月琴,103,臺北市大同區長安西路33號8樓,(02)25500687
264,職業工會,臺北市電腦用品運送服務人員職業工會,陳嘉添,104,臺北市中山區長春路26號8樓之3,(02)25119857
265,職業工會,臺北市鎖匙裝修職業工會,甘泰君,103,臺北市大同區甘州街22號3樓,(02)25573849
266,職業工會,臺北市框畫設計服務人員職業工會,鄭仁參,100,臺北市中正區杭州南路一段147號2樓,(02)23414719
267,職業工會,臺北市人體彩繪從業人員職業工會,丁存安,114,臺北市內湖區環山路2段53巷5弄18號1樓,(02)87973640
268,職業工會,臺北市指甲彩繪美容職業工會,陳寶華,106,臺北市大安區和平東路3段123號2樓,(02)87328567
269,職業工會,臺北市勞動力援助人員職業工會,沈鳳淳,116,臺北市文山區木柵路4段149巷13號2樓,(02)82301987
270,職業工會,臺北市保險經紀職業工會,許美鈴,103,臺北市大同區甘州街22號3樓,(02)25573849
271,職業工會,臺北市市場服務工作人員職業工會,黃秀玉,110,臺北市信義區松山路294號2樓,(02)27560959
272,職業工會,臺北市書籍雜誌運送人員職業工會,邱紹春,106,臺北市大安區溫州街22巷22號1樓(被退件，搬遷),(02)23699089
273,職業工會,臺北市窗簾設計製作服務人員職業工會,林千裕,104,臺北市中山區新生北路3段64號1樓,(02)25865136
274,職業工會,臺北市瑜珈教學人員職業工會,鄭賀文,104,臺北市中山區新生北路3段64號1樓,(02)25865236
275,職業工會,臺北市就業服務人員職業工會,廖沈玉梅,104,臺北市中山區民權西路20號5樓之12,(02)25214525
276,職業工會,臺北市牙體技術人員職業工會,吳乙男,111,臺北市中山區吉林路299巷13號1樓,(02)88614812
277,職業工會,臺北市廣告代理職業工會,黃如伶,251,新北市淡水區北新路197之1號23樓,(02)26292961
278,職業工會,臺北市大客車駕駛員職業工會 ,林帝傑,112,臺北市北投區大業路508號4樓,(02)28923148
279,職業工會,臺北市室內設計人員職業工會,張頌斌,103,臺北市大同區西寧北路83號6樓之2,(02)25561776
280,職業工會,臺北市道士法師服務職業工會,張倖瑜,103,臺北市大同區西寧北路83號6樓之2,(02)25561776
281,職業工會,台北市觀光領隊人員職業工會,馬潮,104,臺北市中山區林森北路289號7樓702室,(02)25415522
282,職業工會,臺北市工具車輛操作員職業工會,黃義傑,220,新北市板橋區文化路1段221巷2號,(02)89651858
283,職業工會,臺北市市場暨民意調查從業人員職業工會,吳奇璁,100,臺北市中正區忠孝西路1段41號11樓之11,(02)23751655
284,職業工會,臺北市咖啡加工職業工會,鄭旭芳,104,臺北市中山區新生北路3段64號1樓,(02)25865237
285,職業工會,台北市立體彩色印花從業人員職業工會,張雅茹,100,臺北市中正區杭州南路一段147號2樓,(02)25865237
286,職業工會,臺北市自備車輛計程車駕駛員職業工會,葉承源,108,臺北市萬華區西園路2段281巷28號1樓,(02)23031199
287,職業工會,臺北市廣告傳單發送服務人員職業工會,邱耀德,235,新北市中和區景平路140號3樓,(02)22305636
288,職業工會,臺北市電信人員職業工會,林家卉,100,臺北市中正區忠孝西路一段7號9樓之3,(02)23886960
289,職業工會,臺北市機車貨物運送職業工會,朱慶智,106,臺北市大安區杭州南路2段71號2樓,(02)23583192
290,職業工會,臺北市飲料運送服務職業工會,黃大宗,220,新北市板橋區文化路1段221巷2號,(02)89651858
291,職業工會,臺北市衛浴器材服務職業工會,郭泰緯,103,臺北市大同區長安西路33號8樓,(02)25500511
292,職業工會,臺北市汽車仲介業從業人員職業工會,"許恆銓
黃溪水
陳信佑",104,臺北市龍江路郵局121-53號信箱,(02)89815688
293,職業工會,臺北市骨節整復職業工會,邱九桁,104,台北市中山區吉林路286號5樓,(02)25235695
294,職業工會,臺北市歌舞藝能服務人員職業工會,余天,241,新北市三重區重陽路4段7號2樓,(02)29810067
295,職業工會,臺北市身心障礙者臨托居家服務業職業工會,陳繼東,104,臺北市中山區民生東路1段25號6樓之37,(02)25719957
296,職業工會,臺北市米食製品從業人員職業工會,蘇厚存,103,臺北市大同區長安西路33號8樓,(02)22575047
297,職業工會,臺北市蜜餞運送人員職業工會,許陳親,111,臺北市士林區重慶北路4段230號10樓,(02)28125822
298,職業工會,臺北市遊覽車駕駛員職業工會,黃瑞昌,112,臺北市北投區光明路217號12樓,(02)28911258
299,職業工會,臺北市醫務雜務職業工會,吳立人,100,臺北市中正區濟南路2段62巷11號1樓,(02)23222358
300,職業工會,臺北市紀錄片從業人員職業工會 ,廖建華,103,臺北市大同區興城街10巷16號2樓,(02)25571191
301,職業工會,臺北市銀行行員職業工會,蔡元鎮,100,臺北市中正區重慶南路1段2號2樓,
302,職業工會,臺北市不動產經紀人員職業工會,張瑋庭,108,臺北市萬華區中華路1段182號1樓,(02)23213799
303,職業工會,臺北市挽臉從業人員職業工會,甘沛琳,242,新北市新莊區新豐街20巷5號1樓,(02)22023083
304,職業工會,臺北市汽車電機冷氣保修業職業工會,劉君英,106,臺北市大安區和平東路3段406巷3號5樓,(02)27332211
305,職業工會,臺北市套房租賃仲介從業人員職業工會,黃美華,116,臺北市文山區景華街21號1樓,(02)29349828
306,職業工會,臺北市體育運動教練職業工會,吳永強,106,臺北市大安區和平東路3段11號B1,(02)27061215
307,職業工會,臺北市芳療整體保養職業工會,郭俶蓁,100,臺北市中正區愛國西路9號4樓之12,(02)23114128
308,職業工會,臺北市不鏽鋼門窗製作職業工會,徐暐翔,111,臺北市士林區葫蘆街110號,(02)28126837
309,職業工會,臺北市客車隨車服務人員職業工會,林芳薇,112,臺北市北投區大業路508號4樓,(02)28923148
310,職業工會,臺北市布花完稿設計職業工會,陳驛青,103,臺北市大同區重慶北路2段48號6樓,(02)25583580
311,職業工會,臺北市代客停車職業工會,陳余?,112,臺北市北投區光明路223號5樓(被退件),(02)28911250
312,職業工會,臺北市動物醫療從業人員職業工會,李亞霖,100,臺北市中正區濟南路2段62巷11號1樓,(02)23222358
313,職業工會,臺北市美容美髮用品從業人員職業工會,何思瑩,104,臺北市中山區長春路26號10樓之2,(02)25317981
314,職業工會,臺北市幼教從業人員職業工會,任台英,220,新北市板橋區中山路2段419號3樓,(02)89521816
315,職業工會,臺北市廣告服務業職業工會,陳彩柳,112,臺北市北投區明德路65號2樓,(02)28205949
316,職業工會,臺北市徵信服務職業工會,張重光,100,臺北市中正區愛國西路9號4樓之6,(02)23144996
317,職業工會,臺北市升學補習教學人員職業工會,林水和,103,臺北市大同區延平北路1段22號3樓之3,(02)25559880
318,職業工會,臺北市家庭教學服務人員職業工會,林亞駿,103,臺北市大同區延平北路1段22號3樓之3,(02)25559880
319,職業工會,臺北市古董藝品鑑識人員職業工會,疏淑媛,106,臺北市大安區復興南路2段151巷30弄15號17樓,
320,職業工會,臺北市停車收費員職業工會,陳勇安,114,台北市文山區景文街42號三樓303室,(02)86635281
321,職業工會,臺北市影視武術指導技藝從業人員職業工會,陳德維,114,台北市內湖區內湖路一段360巷8號8樓,(02)87978836
322,職業工會,臺北市藝術創作者職業工會,杜珮詩,103,臺北市大同區歸綏街97巷4號B1F,(02)25529159
323,職業工會,臺北市演藝經紀人職業工會,陳桓浩,104,臺北市中山區復興北路62號3樓之2,(02)25151580
324,職業工會,臺北市教師職業工會,葉青?,103,臺北市大同區大龍街187巷1號,(02)25960780
325,職業工會,臺北市勞工安全衛生管理職業工會,林政良,100,臺北市中正區愛國西路9號4樓之6,(02)23144996
326,職業工會,臺北市社會工作人員職業工會,陳欣涵,108,臺北市萬華區萬大路137巷14號1樓,
327,職業工會,臺北市下水道工程從業人員職業工會,邱建誠,105,臺北市松山區八德路4段245巷32弄42號6樓,(02)27486681
328,職業工會,台北市大專教師職業工會,丁一倪,106,臺北市大安區金華街78號7樓,(02)23910435
329,職業工會,臺北市紋身職業工會,李宛蓁,108,臺北市萬華區漢中街50巷6之3號,(02)23110378
330,職業工會,臺北市專業職能教學人員職業工會,蔣佩曄,241,新北市三重區重陽路一段113巷1弄46號,(02)89883150
331,職業工會,臺北市多層次傳銷人員職業工會,袁千富,104,臺北市中山區長安東路一段75號6樓,(02)25319393
332,職業工會,臺北市養生舒壓按摩職業工會,鄭文煌,104,臺北市中山區農安街32號7樓之1,(02)25975091
333,職業工會,臺北市庭園造景從業人員職業工會,沈嘉儀 ,103,臺北市大同區南京西路165號2樓,(02)25583911
334,職業工會,台北市動態藝術嘻哈文化業職業工會,黃心昱 ,104,臺北市中山區興安街112號2樓之5,(02)23888323
335,職業工會,臺北市新聞從業人員職業工會,鄭超文,106,臺北市大安區信義路2段88號9樓,(02)23410044
336,職業工會,臺北市企劃經理人職業工會,梁嘉琪,106,臺北市大安區羅斯福路2段91號16樓之2,(02)83691100
337,職業工會,臺北市微型影像製作人職業工會,吳宗建,106,臺北市大安區復興南路1段287號6樓之2,(02)27096960
338,職業工會,台北市商品包膜人員職業工會,林甬旂,111,臺北市士林區中山北路六段200號2樓,(02)88663185
339,職業工會,臺北市電信工程業職業工會,蔡勝和,100,臺北市中正區仁愛路1段42號7樓715室,(02)23975666
340,職業工會,臺北市洗鞋洗包從業人員職業工會,張高維,104,臺北市中山區中山北路3段29號5樓之2,(02)25993869
341,職業工會,台北市企業經營管理顧問從業人員職業工會,李王明暖,103,臺北市大同區民族西路169巷19號1樓,(02)25974399
342,職業工會,臺北市新娘秘書從業人員職業工會,陳韻竹,116,台北市文山區景文街42號三樓303室,(02)86635281
343,職業工會,臺北市特殊娛樂業從業人員職業工會,林瑞圖,104,臺北市中山區錦州街36號6樓,(02)25373355
344,職業工會,台北市音樂創作職業工會,陳玉貞,241,新北市三重區永福街289號5樓之1,(02)22861598
345,職業工會,臺北市藝品業職業工會,謝益芬,104,臺北市中山區錦州街5號3樓,(02)25651112
346,職業工會,台北市證券期貨職業工會,竇偉誠,235,"新北市中和區中原街152號12樓  
(舊地址：新北市中和區中原東街88號6樓)",(02)29597391
347,職業工會,臺北市醫師職業工會,陳宥任,106,臺北市大安區泰順街26巷39號2樓,
348,職業工會,臺北市產後照顧服務人員職業工會,王伯祥,106,臺北市大安區忠孝東路四段221號12樓,(02)87718228
349,職業工會,臺北市社區大學教學講師從業人員職業工會,張芳德,114,臺北市內湖區內湖路二段15號2樓,(02)87511587
350,職業工會,臺北市當舖從業人員職業工會,李宥德,105,臺北市松山區南京東路5段326號2樓,
351,職業工會,臺北市網路自媒體從業人員職業工會,陳界榕,100,臺北市中正區市民大道三段8號5樓81室,(02)23414588
352,職業工會,臺北市電競職業工會,陳奕,106,臺北市大安區新生南路二段30巷7號,(02)29266166
353,職業工會,臺北市數位遊戲職業工會,王緯菖,106,臺北市大安區和平東路1段66號9樓,
354,職業工會,臺北市光電檢測器材服務業職業工會,林毓峰,106,臺北市大同區重慶北路1段87號2樓,(02)25507773
355,職業工會,臺北市網路平台外送員職業工會,鄭力嘉,114,臺北市內湖區舊宗路二段181巷10號2樓,(02)26599999
356,職業工會,臺北市動漫企劃人員職業工會,劉佳豪,100,臺北市中正區和平西路一段64號,
357,職業工會,臺北市心理師職業工會,謝昀融,108,臺北市萬華區貴陽街二段153號,
358,職業工會,臺北市電傳勞務從業人員職業工會,邱秉正,104,臺北市中山區集英里23鄰撫順街39號10樓之1,
359,職業工會,臺北市公關業職業工會,陳大業,104,臺北市中山區林森北路105號5樓之2,(02)26932599
360,職業工會,臺北市娛樂公關經紀職業工會,胡筠筠,104,臺北市中山區林森北路101號2樓之1室,
361,職業工會,臺北市長期照顧服務人員職業工會,潘敏媛,108,臺北市萬華區中華路1段182號,(02)23703399
362,職業工會,臺北市健身教練職業工會,呂宇晟,104,臺北市中山區中山北路二段115巷39號1樓(須暫時改寄到41號，待開會變更會址),
363,職業工會,臺北市女子足球員職業工會,王湘惠,105,臺北市松山區南京東路四段171號12樓之2,
364,職業工會,臺北市數位科技動畫職業工會,曾品喬,235,新北市中和區板南路653號5樓,
365,職業工會,臺北市現場演出幕後技術工作者職業工會,陳雅婷,234,新北市永和區民生路25巷44號5樓2室,
366,職業工會,臺北市休閒服務人員職業工會,廖年豐,104,臺北市中山區撫順街16號8樓之1,
367,職業工會,臺北市廢棄物再利用處理職業工會,陳思宗,112,臺北市北投區公館路334巷10號,
368,職業工會,臺北市律師職業工會,楊佳陵,106,台北市大安區復興南路一段243號12樓,
369,職業工會,臺北市經絡調理服務人員職業工會,陳靜瑢,104,臺北市中山區撫順街16號8樓之1,
370,職業工會,臺北市醫院看護工作人員職業工會,陳昭志,112,臺北市北投區明德路267巷2號1樓,
371,職業工會,臺北市體適能指導工作人員職業工會,楊貫中,112,臺北市北投區中央北路１段12號4樓,(02)28913812
372,職業工會,臺北市運動賽事分析從業人員職業工會,蔡育庭,104,臺北市中山區五常街3號1樓,
373,職業工會,臺北市美體鬆筋調理員職業工會,張文瑜,106,臺北市大安區和平東路二段55號2樓,(02)23587182
374,職業工會,臺北市身心靈諮詢規劃從業人員職業工會,楊欽堯,106,臺北市大安區敦化南路二段180號21樓,(02)27200162
375,職業工會,臺北市職業籃球員職業工會,楊敬敏,105,臺北市松山區南京東路4段171號12樓之2,(02)87707278
376,職業工會,臺北市網路節目製作人員職業工會,巫俊毅,104,臺北市錦州街36號6樓,(02)25373355
377,職業工會,臺北市棋藝智力運動業職業工會,張恩齊,116,臺北市文山區景華街21號1樓,
378,職業工會,臺北市板車操作職業工會,唐雲銘,108,臺北市萬華區萬大路486巷37弄6號4樓,
379,職業工會,臺北市照護輔佐服務人員職業工會,張奎懷,103,台北市大同區赤峰街23巷11號2樓,(02)25581950
380,企業工會,臺北市臺灣菸酒股份有限公司臺北啤酒工場工會,吳國良,104,臺北市中山區八德路2段85號,(02)27719131
381,企業工會,士林紙業股份有限公司企業工會,許立明,327,桃園市新屋區笨港里文化路2段1631號,(03)4768077
382,企業工會,臺北市士林電機廠股份有限公司產業工會,羅美蓉,111,臺北市中山北路6段90號13樓,(03)5995111
383,企業工會,大同股份有限公司關係企業工會,王祥兆,104,臺北市中山區中山北路3段22號,(02)25941586
384,企業工會,臺北自來水事業處企業工會,莊瑛,106,臺北市大安區長興街131號,(02)87335618
385,企業工會,台北市國產實業建設股份有限公司台北廠工會,鄭世忠,115,臺北市南港區南港路3段33號,(02)26510998
386,企業工會,南僑投資控股股份有限公司企業工會 ,汪時渭,103,臺北市大同區延平北路4段100號,(02)66193000
387,企業工會,臺北市光華巴士股份有限公司企業工會, 陳星光,111,臺北市士林區中正路499號,(02)28826780
388,企業工會,台北市美商達美航空股份有限公司臺灣分公司企業工會,江志昌,100,"臺北市中正區開封街1段48號6樓之14
(1091108無法投遞被退件)",
389,企業工會,臺北市國興機電股份有限公司產業工會,陳榮仁,333,桃園市龜山區頂湖路33號,(03)3280199
390,企業工會,台北市中華電視股份有限公司企業工會,馬履芸,106,臺北市大安區光復南路116巷7號B3,(02)87723250
391,企業工會,臺北市中國廣播股份有限公司企業工會,蘇國生,104,臺北市中山區松江路375號10樓,(02)25005558
392,企業工會,香港商國泰航空有限公司台灣分公司企業工會,廖修暖,251,新北市淡水區後洲路1段58號23樓,
393,企業工會,臺北市中國電視事業股份有限公司企業工會,林棟梁,115,臺北市南港區重陽路118號B1,(02)27896670
394,企業工會,臺北市經濟日報股份有限公司產業工會,"王清啟
姚逸瀚
章顯恆",110,"臺北市信義區忠孝東路4段557號8樓
(1091113無法投遞被退件)",(02)27681233
395,企業工會,臺灣電視事業股份有限公司企業工會,莊勝鈞,105,臺北市松山區八德路3段10號,(02)27758888
396,企業工會,臺北市日立永大電梯公司企業工會,余杰翰,106,5臺北市大安區敦化南路2段63巷54弄6號1樓,(02)27093355
397,企業工會,臺北市臺灣菸酒股份有限公司酒類暨生技研究所工會,余新健,116,臺北市文山區羅斯福路6段142巷13號,(02)29301792
398,企業工會,臺北市財團法人臺灣敦睦聯誼會所屬作業組織圓山大飯店工會,張舉成,104,臺北市中山區中山北路4段1號,(02)28861818
399,企業工會,臺北市大南汽車股份有限公司企業工會,陳志忠,112,臺北市北投區中央北路4段601巷11號,(02)28586123
400,企業工會,臺北市中央電影事業股份有限公司製片廠產業工會,"廖本榕
邱文聰
邵立群",111,臺北市士林區至善路2段34號,(02)28829010
401,企業工會,臺北市日商日本航空股份有限公司台灣分公司企業工會,楊尚融,105,臺北市松山區民生東路3段138號11樓,(02)21755867
402,企業工會,台北市欣欣客運股份有限公司企業工會,伍開勳,100,臺北市中正區汀州路3段56號B1,(02)23684067
403,企業工會,臺北市德信海空運承攬股份有限公司產業工會,0,104,臺北市中山區南京東路3段219號4樓,(02)27130421
404,企業工會,臺北市指南汽車客運股份有限公司產業工會,謝章耀,111,臺北市士林區中正路499號2樓,
405,企業工會,崇友實業股份有限公司企業工會,孫志維,247,新北市蘆洲區中山二路176號1樓,(02)22835522
406,企業工會,臺北市台灣快桅股份有限公司企業工會,高瑞憶,115,臺北市南港區市民大道七段8號13樓,(02)27750550
407,企業工會,臺北市中興大業巴士股份有限公司企業工會,陳志傑,111,臺北市士林區中正路499號,(02)28826780
408,企業工會,臺北市國華產物保險股份有限公司產業工會,蔣晉暘,104,臺北市中山區長安東路2段166號,
409,企業工會,新加坡商新加坡航空股份有限公司台灣分公司企業工會,鄒忠邦,104,臺北市中山區松江路148號2樓,(02)25228639
410,企業工會,臺北市榮電股份有限公司產業工會,趙旭東,116,臺北市羅斯福路6段107號1樓,(02)89195168
411,企業工會,臺北市中國信託商業銀行股份有限公司產業工會,簡文哲,110,"臺北市信義區松壽路3號16樓
(1091111無法投遞被退件)",(02)27222002
412,企業工會,臺北市中國信託商業銀行股份有限公司城中分公司產業工會,劉永光,100,臺北市中正區重慶南路1段83號,(02)23818740
413,企業工會,臺北市陸海股份有限公司產業工會,鄧慶豪,206,基隆市七堵區大德路3之1號,(02)24515208
414,企業工會,臺灣證券交易所股份有限公司企業工會,吳家傳,110,臺北市信義區信義路5段7號9樓,(02)81013830
415,企業工會,臺灣菸酒股份有限公司工會,侯佳雄,100,臺北市中正區南昌路1段4號1樓,(02)23214567
416,企業工會,臺灣土地銀行企業工會,林佳慶,100,臺北市中正區懷寧街53號9樓,(02)23483692
417,企業工會,臺北市臺灣美國運通國際股份有限公司產業工會,"許惠娜
朱力行
宿玉潔",105,臺北市松山區復興北路363號12樓,(02)27178737
418,企業工會,臺北市聯合晚報股份有限公司產業工會,"高?垚
陳永富
彭志偉 ",110,"臺北市信義區基隆路1段180號7樓
(1091111無法投遞被退件)",(02)27634300
419,企業工會,臺北農產運銷股份有限公司企業工會,盧建中,108,臺北市萬華區萬大路533號2樓,(02)25162519
420,企業工會,潤泰創新國際股份有限公司企業工會,蔡順發,104,臺北市中山區八德路2段308號11樓,(02)81619888
421,企業工會,臺北市財團法人國語日報社工會,王福鈞,100,臺北市中正區福州街10號4樓,(02)23921133
422,企業工會,臺灣肥料股份有限公司企業工會,黃韋晨,104,臺北市中山區南京東路2段88號6樓,(02)25422231
423,企業工會,臺北大眾捷運股份有限公司企業工會,簡宗宏,104,臺北市中山區中山北路2段48巷7號4樓,(02)25363001
424,企業工會,財團法人中央通訊社工會,馮昭,104,臺北市中山區松江路209號,(02)25051180
425,企業工會,台灣三菱電梯股份有限公司企業工會,阮立榮,106,臺北市大安區復興南路2段363號,(02)27335353
426,企業工會,臺北市臺灣杜邦股份有限公司產業工會,徐啟洲,105,臺北市松山區敦化北路167號13樓,(02)27191999
427,企業工會,第一商業銀行股份有限公司工會,陳正雄 ,100,臺北市中正區重慶南路1段30號21樓,(02)23481951
428,企業工會,台北富邦商業銀行股份有限公司企業工會,曹德俊,112,臺北市北投區中央北路1段2號4樓,(02)28926597
429,企業工會,臺北市益華股份有限公司產業工會,曾敬業,105,臺北市松山區復興北路57號14樓,(02)27698250
430,企業工會,大台北區瓦斯股份有限公司企業工會,許呈?,105,臺北市松山區光復北路11巷33號1樓,(02)27471806
431,企業工會,臺北市陽明山瓦斯股份有限公司產業工會,0,111,臺北市士林區葫蘆街61巷9號,(02)28948686
432,企業工會,合作金庫商業銀行股份有限公司企業工會,陳金渠,100,臺北市中正區南陽街62號,(02)25568252
433,企業工會,臺灣銀行股份有限公司企業工會,陳俊雄,100,臺北市中正區寶慶路35號4樓,(02)23493938
434,企業工會,臺灣中小企業銀行股份有限公司企業工會,游宏生,106,臺北市大安區仁愛路4段357號,(02)27732788
435,企業工會,兆豐國際商業銀行股份有限公司工會,郭孟仁,104,臺北市中山區南京東路2段53號8樓,(02)25625559
436,企業工會,臺北市美國聯合航空股份有限公司臺灣分公司產業工會 ,"張錦昌
楊英儀
莊育鉅",114,臺北市內湖區大湖山莊街202巷15號3樓,(02)27942986
437,企業工會,中國石油化學工業開發股份有限公司企業工會,楊明璋,105,臺北市松山區東興路12號11樓,(02)87878322
438,企業工會,臺北市停車管理工程處企業工會,朱世梓,105,臺北市松山區八德路4段181巷22號1樓,(02)27471250
439,企業工會,臺北市法國興業銀行股份有限公司產業工會,孫一德,105,"臺北市松山區民生東路3段109號7樓
(1091108無法投遞被退件)",(02)21750000
440,企業工會,臺北市中國輸出入銀行企業工會,王玉晴,100,臺北市中正區南海路3號8樓,(02)23210511
441,企業工會,中央存款保險股份有限公司企業工會,齊偉,100,臺北市中正區南海路3號11樓,(02)23971155
442,企業工會,彰化商業銀行股份有限公司企業工會,黃國棟,100,臺北市中正區衡陽路68號4樓,(02)23148155
443,企業工會,臺北市南山人壽保險股份有限公司企業工會,蔡坤穎,104,臺北市中山區民權西路20號3樓之2,(02)25603255
444,企業工會,臺北市中國人壽保險股份有限公司產業工會,洪文良,105,臺北市松山區敦化北路122號5樓,(02)27177388
445,企業工會,臺北市財團法人中央廣播電臺企業工會,岳昭莒,104,臺北市中山區北安路55號,(02)28856168
446,企業工會,民間全民電視股份有限公司企業工會,張雅晴,244,新北市林口區信義路99號9樓,(02)25702570
447,企業工會,台北市政府環境保護局企業工會,蔣萬金,108,臺北市萬華區東園街19號9樓,(02)23055729
448,企業工會,臺北市瑞興商業銀行股份有限公司企業工會,胡偉民,103,臺北市大同區延平北路2段133號,(02)25575151
449,企業工會,財團法人公共電視文化事業基金會企業工會,張世傑,114,臺北市內湖區康寧路3段75巷50號9樓,(02)26301192
450,企業工會,臺北市國家音樂廳交響樂團產業工會,"朱偉誼
鍾仁甫
宋光清",100,臺北市中正區中山南路21之1號,(02)33939888
451,企業工會,臺北市政府工務局水利工程處企業工會,陳宜賢,114,臺北市內湖區潭美街183號,
452,企業工會,臺北市國立實驗國樂團產業工會,"王琇媜
陳思予
劉    治",100,臺北市中正區中山南路21之1號(查無退件110.01.08),(02)23435252
453,企業工會,新光人壽保險股份有限公司企業工會,詹素霞,103,臺北市大同區西寧北路78號9樓905室,(02)25509149
454,企業工會,中央健康保險署工會,葉長楨,801,高雄市前金區中正四路259號8樓資訊室,
455,企業工會,臺北市臺北漁產運銷股份有限公司企業工會,李玉程,108,臺北市萬華區萬大路531號3樓,(02)23037635
456,企業工會,勞動部勞工保險局工會,陳銅山,100,臺北市中正區羅斯福路1段4號10樓,(02)23219381
457,企業工會,文化部工會,謝嘉茹,103,臺北市大同區昌吉街55號2樓215-216室,(02)25972631
458,企業工會,中國國民黨企業工會,伍康龍,104,臺北市中山區八德路2段232號B1,(02)21731256
459,企業工會,臺北市寒舍餐旅管理顧問股份有限公司產業工會,"林李祥
朱吉安",100,臺北市中正區忠孝東路一段12號B3,
460,企業工會,國立政治大學工會,莊馥維,116,臺北市文山區指南路2段64號,(02)29393091
461,企業工會,泰商泰國航空國際有限公司企業工會,張文玉,104,臺北市中山區松江路223號7樓,(02)25151888
462,企業工會,富邦人壽保險股份有限公司工會,闕念祖,105,臺北市松山區八德路3段20號8樓D-1區,(02)25792624
463,企業工會,臺北市政府工務局衛生下水道工程處企業工會,周盛發,103,"臺北市大同區酒泉街235號(後棟四樓)
寄:台北市內湖區舊宗路二段2號",(02)87911254
464,企業工會,台北市台灣武田藥品工業股份有限公司企業工會,陳炳華 ,110,臺北市信義區松高路1號17樓,(02)87099050
465,企業工會,永豐商業銀行股份有限公司企業工會,張麗澤,104,臺北市中山區建國北路2段3巷2號5樓,(02)25189388
466,企業工會,華南金融控股股份有限公司與子公司企業工會,李輝明,100,臺北市中正區重慶南路1段38號2樓,(02)23122201
467,企業工會,臺北市國際合作發展基金會產業工會,高鷗,111,臺北市士林區天母西路62巷9號12樓,(02)28732323
468,企業工會,兆豐金融控股股份有限公司與子公司工會,吳世哲,100,臺北市中正區重慶南路1段2號2樓,(02)23710728
469,企業工會,臺北市國立戲曲專科學校附設國劇團產業工會,趙延強,114,臺北市內湖區內湖路2段177號,
470,企業工會,臺北市玉山商業銀行股份有限公司企業工會,黃衛聖,105,臺北市松山區民生東路3段115、117號,(02)21751313
471,企業工會,華信航空企業工會,沈耿堯,105,臺北郵局第45-62號信箱,(02)27171188
472,企業工會,台灣糖業股份有限公司台北市企業工會,黃榮彬,108,臺北市萬華區艋舺大道297號2樓,(02)23061112
473,企業工會,大都會汽車客運股份有限公司企業工會,李治緯,114,臺北市內湖區民權東路6段11巷6號2樓,(02)27968446
474,企業工會,第一金融控股股份有限公司與子公司企業工會,胡淋森,100,臺北市中正區重慶南路1段30號21樓,(02)23484695
475,企業工會,明台產物保險股份有限公司企業工會,陳世傑,106,北市中正區仁愛路2段22號3樓,(02)27725678
476,企業工會,臺北市東和鋼鐵企業股份有限公司企業工會,賴偉廉,104,臺北市中山區長安東路1段9號6樓,(02)25511100
477,企業工會,臺北市中央電影事業股份有限公司產業工會,"李祖怡
高瑞青
阮崧卿",108,臺北市萬華區漢中街116號6樓,(02)27781058
478,企業工會,聯捷運輸股份有限公司企業工會,張裕源,815,高雄市大社區旗楠路62號,(07)8714316
479,企業工會,臺北市永豐金證券股份有限公司企業工會,吳明哲,104,臺北市中山區建國北路2段3巷2號7樓,(02)23823467
480,企業工會,臺北市政府工務局公園路燈工程管理處企業工會,楊振德(代理),100,臺北市中正區懷寧街58號3樓,(02)23318675
481,企業工會,臺北市政府工務局新建工程處企業工會,徐清文,104,臺北市中山區新生北路2段78號,(02)25235227
482,企業工會,臺北市臺灣開利股份有限公司產業工會,游典儒,116,臺北市文山區育英街17巷5弄8號3樓,
483,企業工會,凱基商業銀行股份有限公司企業工會,蔡鴻儒,103,臺北市大同區長安西路106號10樓之2,(02)25592370
484,企業工會,臺北市亞太電信股份有限公司企業工會,許文宏,114,臺北市內湖區基湖路32號,(02)55558888
485,企業工會,安泰商業銀行股份有限公司企業工會,陳嘉欽,116,臺北市文山區興隆路三段11號4樓,(02)29341853
486,企業工會,台北市南山產物保險股份有限公司企業工會,金文華,100,臺北市中正區忠孝西路1段6號17樓,(02)77268706
487,企業工會,財團法人法律扶助基金會工會,許俊銘,106,臺北市大安區金山南路2段200號5樓,(02)23225255
488,企業工會,臺北市香港商香港上海?豐銀行股份有限公司產業工會,阮幼婷,100,臺北市中正區中華路2段498巷1號11樓,(02)26527000
489,企業工會,陽信商業銀行股份有限公司企業工會,陳炳宏,112,臺北市北投區石牌路1段88號7樓,(02)28362072
490,企業工會,台灣世曦工程顧問股份有限公司企業工會,林志權,114,臺北市內湖區陽光街323號5樓,(02)87973567
491,企業工會,台灣富士軟片資訊股份有限公司企業工會,李富山,334,桃園市八德區介壽路一段199號3樓,(02)27711760
492,企業工會,臺北市中華快遞股份有限公司企業工會,郭榕燁,104,臺北市中山區民生西路3巷9號,(02)25603778
493,企業工會,臺銀人壽保險股份有限公司企業工會,錢熙嘉,106,臺北市大安區敦化南路2段69號2樓,(02)27849151
494,企業工會,臺銀綜合證券股份有限公司企業工會,曾鳳貞,100,臺北市中正區重慶南路1段58號8樓,(02)23882188
495,企業工會,中華工程股份有限公司工會,陳宗坤,105,臺北市松山區東興路12號6樓,(02)87876205
496,企業工會,臺北市台証綜合證券股份有限公司產業工會,魏德揚,104,臺北市中山區建國北路2段3巷2號5樓,(02)27553327
497,企業工會,臺北市凱基證券股份有限公司企業工會,苗致偉,104,臺北市中山區明水路700號,(02)21818282
498,企業工會,台灣丹馬士環球物流股份有限公司工會,鄭華,115,臺北市南港區市民大道7段8號13樓之3,(02)26523230
499,企業工會,?豐(台灣)商業銀行股份有限公司企業工會 ,陳世雄,115,臺北市南港區忠孝東路7段369號15樓,(02)66312109
500,企業工會,財團法人中小企業信用保證基金工會,顏國裕,100,臺北市中正區羅斯福路1段6號4樓,(02)23214261
501,企業工會,大同綜合訊電股份有限公司企業工會,吳信豪,104,臺北市中山區中山北路3段22號3樓,(02)25925252
502,企業工會,富邦金融控股公司集團工會,吳曉文,112,臺北市北投區東華街2段294號1樓,(02)28227711
503,企業工會,臺灣金控集團企業工會,阮呂文欽,103,臺北市大同區承德路二段208號7樓,(02)85905947
504,企業工會,聯華氣體工業股份有限公司企業工會,吳玲兒,115,臺北市南港區南港路1段209號A棟8樓,
505,企業工會,台灣本田股份有限公司企業工會,林正凱,104,臺北市中山區民生東路3段69號13樓,(02)25066268
506,企業工會,台灣諾華股份有限公司企業工會,陳自力,104,臺北市中山區民生東路三段2號8樓,(02)23227777
507,企業工會,潤弘精密工程事業股份有限公司企業工會,劉士祺,104,臺北市中山區八德路2段308號10樓,(02)81619999
508,企業工會,合作金庫金融控股股份有限公司暨其子公司企業工會,張資盟,100,臺北市中正區南陽街62號,(02)25568252
509,企業工會,潤泰精密材料股份有限公司企業工會,林弘偉,104,臺北市中山區八德路2段308號10樓,(03)9596989
510,企業工會,中國青年救國團企業工會,陳建成,104,臺北市中山區民權東路2段69號,(02)25965858
511,企業工會,臺灣航勤股份有限公司企業工會,林宏河,105,臺北郵政45之10號,(02)27152811
512,企業工會,中華電信股份有限公司關係企業工會,杜桂梅,106,臺北市大安區金華街138號2樓,(02)23411799
513,企業工會,壹傳媒電視廣播股份有限公司企業工會,高培騰,114,臺北市內湖區行愛路141巷48號4樓,
514,企業工會,台北市元大人壽保險股份有限公司企業工會,張艷秋,105,臺北市松山區民生東路3段156號16樓C戶,
515,企業工會,國立臺灣大學工會,翁小雯,106,"臺北市中正區羅斯福路4段64-1號
臺北公館郵局第13-148號",(02)27183979
516,企業工會,中華電信股份有限公司個人家庭分公司企業工會,蘇弘廷,100,臺北市中正區仁愛路1段42號7樓715室,
517,企業工會,中華電信股份有限公司網路技術分公司企業工會,洪秀龍,106,臺北市大安區愛國東路35號B1樓,(02)23975666
518,企業工會,上海商業儲蓄銀行股份有限公司企業工會,黃有材,104,臺北市中山區中山北路二段96號3F,(02)33166919
519,企業工會,宏華國際股份有限公司企業工會,呂仲明,220,新北市板橋區民族路168號,(02)25817111
520,企業工會,台灣三菱商事股份有限公司工會,蔡孟志,104,臺北市中山區松江路87號14樓,(02)29560997
521,企業工會,臺北市財團法人原住民族文化事業基金會企業工會,林姿君,115,臺北市南港區重陽路120號5樓,(02)25089151
522,企業工會,中華開發金融控股股份有限公司與子公司企業工會,苗致偉,105,臺北市松山區南京東路5段125號6樓,(02)25770151
523,企業工會,台灣高速鐵路股份有限公司企業工會,陳堯森,115,臺北市南港區忠孝東路七段518號9樓,(02)77131473
524,企業工會,中華電信股份有限公司資訊技術分公司企業工會,劉必賢,100,臺北市中正區信義路1段21號數據大樓309室,
525,企業工會,中華電信股份有限公司企業客戶分公司企業工會,張李武炎,106,臺北市大安區信義路4段88號1801室,(02)23432004
526,企業工會,國家表演藝術中心企業工會,陳喬如,108,臺北市萬華區西藏路111號6樓之1,(02)23266805
527,企業工會,永豐金融控股股份有限公司暨子公司企業工會,鍾馥吉,103,臺北市大同區民生西路286號2樓,
528,企業工會,兆豐金融控股股份有限公司企業工會,羅育祥,100,臺北市中正區忠孝東路2段123號14樓,(02)25500333
529,企業工會,尹書田醫療財團法人書田泌尿科眼科診所企業工會,許耀文,106,臺北市大安區建國南路2段276號,(02)23578888
530,企業工會,東森電視事業股份有限公司企業工會,鄭鴻昇,100,臺北市中正區忠孝西路1段4號12樓,
531,企業工會,潤福生活事業股份有限公司企業工會,張鈞池,104,臺北市中山區八德路2段308號11樓之1,
532,企業工會,潤泰保全股份有限公司企業工會,葉柏琪(代理),104,臺北市中山區八德路2段308號11樓之1,(02)26299000
533,企業工會,潤德室內裝修設計工程股份有限公司企業工會,許茲榮,104,臺北市中山區八德路2段308號11樓之1,(02)81619815
534,企業工會,潤泰公寓大廈管理維護股份有限公司企業工會,侯羲陛,104,臺北市中山區八德路2段308號11樓之1,(02)81619800
535,企業工會,自由時報企業股份有限公司工會,吳亮儀,108,臺北市萬華區萬大路184號2樓,(02)81619815
536,企業工會,國家表演藝術中心國家兩廳院企業工會,"李惟綱
(淡成偉代行1年1110322)",105,臺北市信義區松山路515巷2弄14號2樓,
537,企業工會,荷商葛蘭素史克藥廠股份有限公司台灣分公司工會,黃治程,338,桃園市蘆竹區南祥路370號11樓,
538,企業工會,合作金庫證券股份有限公司企業工會,王麗秋,403,臺中市西區民權路91號6樓,
539,企業工會,中華電信股份有限公司國際電信分公司企業工會,林朝贊,106,臺北市大安區愛國東路31號,
540,企業工會,臺北市立聯合醫院企業工會,郭蕢瑩,108,臺北市萬華區萬大路184號2樓,
541,企業工會,財團法人中華民國對外貿易發展協會企業工會,洪仁杰,115,臺北市南港區經貿二路1號,
542,企業工會,三立電視股份有限公司工會,林敬旻,108,臺北市萬華區萬大路184號2樓,(02)27255200
543,企業工會,全球人壽保險股份有限公司企業工會,張業宇,104,臺北市中山區民權西路20號3樓之2,
544,企業工會,立榮航空股份有限公司企業工會,李鳳恩,104,臺北市中山區長安東路2段117號8樓,
545,企業工會,兆豐產物保險股份有限公司企業工會,張水駱,100,臺北市中正區重慶南路1段2號2樓,
546,企業工會,兆豐證券股份有限公司企業工會,王凱,116,臺北市文山區景中街1號3樓,
547,企業工會,全聯實業股份有限公司企業工會,朱鴻國,104,臺北市中山區敬業四路33號,
548,企業工會,元大商業銀行股份有限公司企業工會,王復德,103,臺北市大同區承德路3段210號,
549,企業工會,嘉里大榮物流股份有限公司企業工會,簡廷偉,100,臺北市中正區新生南路1段50號14樓,(02)21821977
550,企業工會,嘉里大榮物流股份有限公司關係企業工會,簡廷偉,100,臺北市中正區新生南路一段50號14樓,
551,企業工會,國立臺灣大學醫學院附設醫院企業工會,楊心慧,106,臺北市大安區泰順街26巷39號2樓,
552,企業工會,星宇航空股份有限公司企業工會,黃守儀,114,臺北市內湖區南京東路六段382號,
553,企業工會,台灣必治妥施貴寶股份有限公司企業工會,王淑芬,105,臺北市松山區健康路156號5樓,(02)27911000
554,企業工會,統一超商股份有限公司關係企業工會,孫杰,110,臺北市信義區東興路65號2樓,
555,企業工會,振興醫療財團法人企業工會,王曉暹,112,臺北市北投區振興街45號,
556,企業工會,台灣基督長老教會馬偕醫療財團法人企業工會,臧汝芬,104,臺北市中山區中山北路2段92號,(02)28264400
557,企業工會,遠雄人壽保險事業股份有限公司企業工會,吳添城,103,臺北市大同區西寧北路78號9樓905室,
558,企業工會,統一超商股份有限公司企業工會,謝佳雯,110,臺北市南港區東新街128號7樓,(02)25509149
559,企業工會,台北世界貿易中心股份有限公司企業工會,馬麗,110,臺北市信義區信義路五段五號6樓6C-11室,
560,企業工會,臺北市長汎旅行社股份有限公司企業工會,徐碩宏,104,臺北市中山區長安東路二段100號3樓,
561,企業工會,統一生活事業股份有限公司企業工會,李淑惠,114,臺北市內湖區內湖路1段120巷15弄25號4樓,(02)25132929
562,企業工會,悠旅生活事業股份有限公司企業工會,李秉宏,106,臺北市大安區瑞安街142巷5號4樓,
563,企業工會,臺北市立動物園企業工會,蔡鴻志,116,臺北市文山區新光路２段30號,
564,企業工會,臺北市家福股份有限公司關係企業工會,籃世華,108,臺北市萬華區萬大路184號2樓,
565,企業工會,臺北市交通部民用航空局企業工會,吳子豪,105,臺北市松山區敦化北路340號,
566,企業工會,臺灣集中保管結算所股份有限公司企業工會,林宏昇,105,臺北市松山區復興北路363號9樓,
567,企業工會,華碩電腦股份有限公司企業工會,黃冠雄,112,臺北市北投區光明路226號3樓之3,
568,企業工會,第一金證券股份有限公司企業工會,王永慶,100,臺北市中正區延平南路38號5樓,
569,企業工會,星展(台灣)商業銀行股份有限公司企業工會,廖重一,220,新北市板橋區文化路二段430號4樓之5,
570,企業工會,合作金庫證券投資信託股份有限公司工會,戴瑛佑,104,台北市中山區南京東路二段85號13樓,
571,企業工會,臺北市陳章安聯合建築師事務所企業工會,黃瀧陞,106,臺北市大安區敦化北路二段168號4樓,
572,企業工會,美商甲骨文有限公司台灣分公司企業工會,陳德旭,108,臺北市萬華區萬大路184號2樓,
573,企業工會,國泰人壽保險股份有限公司企業工會,鄭光暉,103,臺北市大同區涼州街2號3樓之15,
574,企業工會,國泰世華銀行股份有限公司企業工會,陳章銘,100,台北市中正區開封街1段37號5樓,(02)8979-7698
575,企業工會,新光醫療財團法人新光吳火獅紀念醫院企業工會,施駿沁,111,台北市士林區文昌路95號(急診室),(02)28332211
576,企業工會,國泰世紀產物保險股份有限公司企業工會,藍尉倫,106,台北市大安區仁愛路4段296號7樓,
577,企業工會,國泰金融控股股份有限公司企業工會,童桂珍,106,台北市大安區忠孝東路4段270號2樓之1,
578,企業工會,臺灣新光商業銀行股份有限公司企業工會,李孟庭,111,台北市士林區德行東路37號3樓,
579,企業工會,臺北市國泰證券投資信託股份有限公司企業工會,高大程,106,臺北市大安區敦化南路二段39號3樓,
580,企業工會,元富證券股份有限公司企業工會,劉永豐,807,高雄市三民區博愛一路391號8樓,(02)272008399
581,企業工會,台灣水泥股份有限公司企業工會,劉國弘,116,台北市羅斯福路6段378號12樓,
582,企業工會,臺北榮民總醫院企業工會,黃甘迪,111,臺北市士林區中山北路六段13號12樓之3,
583,企業工會,賽諾菲股份有限公司企業工會,林敬翔,105,臺北市松山區八德路三段186號6樓之12,
584,企業工會,國立臺灣大學醫學院附設醫院癌醫中心分院企業工會,許銘修,235,新北市中和區中和路316號13樓之3,
585,企業工會,中華電信股份有限公司網路技術分公司行動北區營運處企業工會 ,洪秀龍,106,臺北市大安區愛國東路35號B1,
586,企業工會,酷澎通運股份有限公司企業工會,甘聖麒,104,臺北市中山區吉林路200巷16號,
587,產業工會,臺北市網路購物產業工會,饒卿凱,100,臺北市中正區愛國西路9號4樓之8,
588,產業工會,臺北市文化創意產業工會,林政良,100,臺北市中正區愛國西路9號4樓之7,(02)23144996
589,產業工會,臺北市鐘錶產業工會,饒卿凱,100,臺北市中正區愛國西路9號4樓之8,(02)23144996
590,產業工會,臺北市驗光配鏡產業工會,林政良,100,臺北市中正區愛國西路9號4樓之8,(02)23144996
591,產業工會,臺北市眼鏡產業工會,黃桂蘭,100,臺北市中正區愛國西路9號4樓之8,(02)23144996
592,產業工會,臺北市徵信產業工會,張重光,100,臺北市中正區愛國西路9號4樓之8,(02)23144996
593,產業工會,臺北市電影業產業工會,張石華,115,臺北市南港區重陽路263巷2號4樓,(02)23144996
594,產業工會,臺北市廣播電視產業工會,趙金虎,104,臺北市中山區復興北路62號3樓之2,(02)27888782
595,產業工會,臺北市演藝業產業工會,陳桓浩,104,臺北市中山區復興北路62號3樓之2,(02)25151580
596,產業工會,臺北市娛樂休閒業產業工會,樊芳銘,104,臺北市中山區復興北路62號3樓之2,(02)25151580
597,產業工會,臺北市地方戲曲劇團產業工會,陳桓浩,104,臺北市中山區復興北路62號3樓之2,(02)25151580
598,產業工會,臺北市流行音樂產業工會,曹莉,104,臺北市中山區復興北路62號3樓之2,(02)25151580
599,產業工會,臺北市珠寶業產業工會,李志忠,103,臺北市大同區赤峰街23巷11號3樓,(02)25151580
600,產業工會,臺灣美甲彩妝整體造型產業工會,林政翰,104,臺北市中山區吉林路239號7樓,(02)25582782
601,產業工會,臺灣保險服務產業工會,黃淑惠,100,臺北市中正區忠孝西路1段50號13樓之38,(02)25118574
602,產業工會,臺北市美甲彩妝整體造型產業工會,林政翰,104,臺北市中山區南京東路2段176號2樓,(02)23610216
603,產業工會,臺北市教育產業工會,李榖生,103,臺北市大同區赤峰街23巷11號3樓,(02)25095358
604,產業工會,臺北市環保資源再生產業工會,曾吉宏,111,臺北市士林區延平北路8段7號1樓,(02)25582782
605,產業工會,全國金融服務業產業工會,顏國裕,112,臺北市北投區中央北路1段2號4樓,(02)28107405
606,產業工會,台灣高等教育產業工會,周平,104,臺北市中山區伊通街59巷6號4樓,(02)23254852
607,產業工會,中華環保資源再生產業工會,曾志上,111,臺北市士林區延平北路8段2巷63弄5號1樓,(02)25077391
608,產業工會,臺灣護理產業工會,羅運生,106,臺北市大安區泰順街26巷39號2樓,(02)28107405
609,產業工會,臺灣資訊服務產業工會,戴文明,100,臺北市中正區忠孝西路1段50號13樓之38,(02)28267226
610,產業工會,臺北市身心障礙就業服務人員產業工會,簡明山,108,臺北市萬華區東園街73巷24號1樓,(02)23610896
611,產業工會,台灣旅遊觀光產業工會,林凱中,100,臺北市中正區忠孝東路1段85號12樓之1,(02)25598518
612,產業工會,航空運輸產業工會,李昭平,105,"臺北市松山區南京東四段53巷10弄2號
暫遷：台北市松山區民生東路五段175號14樓之7(109.9.14)           去電無人接聽",(02)23577073
613,產業工會,全國工會服務業產業工會,楊書瑋,112,臺北市中正區林森南路4-2號4樓,
614,產業工會,臺北市傳統整復推拿師產業工會,黃世嵐,104,臺北市中山區中山北路2段93巷9之4號1樓,(02)23217648
615,產業工會,臺灣新聞傳播產業工會,陳曉宜,106,臺北市大安區信義路2段88號9樓,(02)25231568
616,產業工會,台灣基層護理產業工會,卓淑惠,251,新北市淡水區中正路5巷26號2樓,(02)23410044
617,產業工會,臺北市社區大學教育產業工會,張琬君,103,臺北市大同區甘谷街40號,
618,產業工會,臺灣證券期貨產業工會,竇偉誠,235,"新北市中和區中原街152號12樓
(舊地址：新北市中和區中原東街88號6樓)",(02)25556008
619,產業工會,全國金融商品行銷人員產業工會,李永恒,108,臺北市萬華區艋舺大道120巷38弄45號3樓,(02)29597391
620,產業工會,臺灣文化創意拼布產業工會,陳余?,104,臺北市中山區松江路131號7樓-1,(02)25500827
621,產業工會,臺灣教育產業工會,張旭政,104,臺北市中山區民權西路27號2樓,(02)28929495
622,產業工會,臺北市直銷產業工會,林恩豪,104,台北市中山區民生東路一段 54 號 11 樓,(02)25857528
623,產業工會,中華殯葬禮儀事業產業工會,邱文金,220,新北市板橋區民生路2段234巷24弄6號2樓,(02)25673302
624,產業工會,台灣婚慶產業工會,曾傳灝,104,臺北市中山區民權東路1段7巷11號,(02)22561679
625,產業工會,臺北市保險產業工會,林恩永,104,臺北市中山區民生東路一段54號11樓,
626,產業工會,臺北市指甲彩繪睫毛業產業工會,許妙琪,106,臺北市大安區忠孝東路4段191號5樓之1,(02)22561679
627,產業工會,基北中等教育產業工會,黃文龍,105,臺北市松山區民生東路5段69巷3弄26號,
628,產業工會,全國土地開發產業工會,翁聖儒,110,臺北市信義區忠孝東路五段386號6樓,(02)22626097
629,產業工會,臺北市不動產仲介產業工會,廖年豐,116,臺北市文山區景華街21號1樓,(02)27233366
630,產業工會,台北市觀光餐旅產業工會,廖年茂,104,臺北市中山區民權西路20號5樓之12,(02)29349828
631,產業工會,臺北市裝潢產業工會,林錫維,104,台北市中山區民生東路一段 54 號 11 樓,(02)25214525
632,產業工會,中華勞務服務產業工會,廖茂霖,105,臺北市松山區八德路3段230號3樓之1,(02)25719188
633,產業工會,中華餐飲業產業工會,謝豐如,116,臺北市文山區景華街47號,(02)66172008
634,產業工會,臺北市生技產業工會,張奎懷,103,臺北市大同區赤峰街23巷11號3樓,(02)29325187
635,產業工會,臺北市公務機關基層勞工產業工會,林國棟,108,臺北市萬華區富民路145巷35弄8號3樓,(02)25582782
636,產業工會,臺灣教育人員產業工會,楊益風,103,臺北市大同區大龍街187巷1號,
637,產業工會,臺灣鐵路產業工會,王傑,104,臺北市中山區吉林路200巷16號1樓,(02)23032874
638,產業工會,台北市學校教育產業工會,鐘文斌,100,臺北市中正區公園路29號,
639,產業工會,全國傳播媒體產業工會,嚴文廷,108,臺北市萬華區萬大路184號2樓,(02)23112989
640,產業工會,臺北市教育局中小學產業工會,薛晨均,108,臺北市萬華區西園路2段281巷22號2樓,(02)23396172
641,產業工會,臺灣專櫃暨銷售人員產業工會,陳微淳,106,臺北市大安區新生南路1段60巷6號1樓,(02)25972631
642,產業工會,臺灣醫事檢驗產業工會,吳進興,110,臺北市信義區光復南路495號4樓,
643,產業工會,台灣非營利組織產業工會,周于萱,106,臺北市大安區泰順街26巷39號2樓,
644,產業工會,中華翻譯出版產業工會,張高維,104,臺北市中山區中山北路3段29號5樓之3,
645,產業工會,中華影視編劇產業工會,陳星宇,251,新北市淡水區學府路102巷62-2號5樓   去電無人接聽,(02)25928612
646,產業工會,台灣麻醉醫療產業工會,儲寧瑋,100,臺北市中正區紹興北街35號4樓之1,
647,產業工會,全國交通運輸產業工會,顏坤泉,116,臺北市文山區景興路206號4樓之1,
648,產業工會,中華民國租賃住宅服務業產業工會,趙元瑞,100,臺北市中正區忠孝東路1段76號3樓之4,
649,產業工會,中華直銷從業人員產業工會,阮錦威,100,臺北市中正區重慶南路1段10號9樓901室,
650,產業工會,臺北市美食外送產業工會,陳泓瑞,114,臺北市內湖區成功路四段61巷8弄6號地下樓,(02)23611800
651,產業工會,台灣金融服務業產業工會,蔡元鎮,100,臺北市中正區重慶南路1段2號2樓,
652,產業工會,臺北市多元化計程車產業工會,胡偉成,100,臺北市中正區南海路124-1號,(02)25119231
653,產業工會,臺灣數位平台預約接送從業人員產業工會,李威爾,244,新北市林口區寶林路99號,
654,產業工會,臺灣金融勞權產業工會,林御風,247,新北市蘆洲區中央路171號11樓,(02)25232708
655,產業工會,全國議會民代助理產業工會,吳香君,110,臺北市信義區仁愛路四段507號6樓605室,
656,產業工會,臺北市裝飾藝術文創產業工會,陳品蒨,111,臺北市士林區中山北路六段200號2樓,
657,產業工會,臺北市搬運業產業工會,張家瑋,108,臺北市萬華區萬大路322巷20號1樓,
658,產業工會,臺北市臺灣空間規劃設計產業工會,郭孟瑜,100,臺北市杭南郵局第631號信箱,
659,產業工會,臺灣夜市商圈產業工會(臺北市),林定國,103,臺北市大同區延平北路２段34號,
660,產業工會,臺北市全國營造建築土木產業工會,邱寶安,108,台北市萬華區桂林路157號1樓,(02)29210625
661,產業工會,臺北市台灣環境生態護育產業工會,何承翰,"	106",臺北市大安區溫州街74巷14號1樓,(02)23821688
662,產業工會,臺北市全國外送產業工會,陳昱安,108,臺北市萬華區萬大路184號2樓,(02)86668111
663,產業工會,臺北市全國計程車駕駛產業工會,江信翰,236,新北市土城區青仁路 29 號 9 樓,
664,產業工會,臺北市全國網路自媒體產業工會,郭國花,104,臺北市中山區中山北路一段11號9樓,
665,產業工會,臺北市公立幼兒園廚工產業工會,傅玉如,103,臺北市大同區重慶北路３段224號1樓,
666,產業工會,台灣電子電機資訊產業工會,洪碧雲,108,臺北市萬華區萬大路184號2樓,
667,產業工會,臺北市攤商業產業工會,黃佳鈺,108,臺北市萬華區民和街25號3樓,(02)23055731
668,產業工會,臺北市數位自媒體科技產業工會,黃瀧陞,100,臺北市中正區青島東路4號2樓之1,(02)23587688
669,產業工會,臺北市人工智慧產業工會,呂鴻烈,104,臺北市中山區南京東路二段101號9樓,
670,產業工會,台灣呼吸治療產業工會,周育正,108,臺北市萬華區萬大路184號2樓,
671,產業工會,臺北市人工智慧直播電商產業工會,劉姿瑩,114,臺北市內湖區洲子街105號6樓,
672,產業工會,台灣人力資源永續學習發展產業工會,盧世安,100,臺北市中正區林森南路142號B1,
673,工會聯合組織,臺北市總工會,林國成,104,臺北市中山區中山北路2段71號7樓,(02)25605555
674,工會聯合組織,台北市職業總工會,鄭力嘉,114,臺北市內湖區舊宗路二段181巷10號,(02)28105510
675,工會聯合組織,臺北市產業總工會,邱奕淦,108,臺北市萬華區萬大路184號2樓,(02)23396172
676,工會聯合組織,臺北市金屬業產業工會聯合會,高俊寬,103,臺北市大同區重慶北路3段347號3樓之2(被退件),(02)25973456
677,工會聯合組織,臺北市紡織染整業產業工會聯合會,何宇文,112,臺北市北投區大興街23巷7號3樓,
678,工會聯合組織,臺北市聯營公車企業工會聯合會,鄧有明,100,臺北市中正區汀州路3段56號B1,(02)23684067
679,工會聯合組織,臺北市菸酒業產業工會聯合會,趙銘圓,104,臺北市中山區八德路2段85號,(02)89651858
680,工會聯合組織,臺北市公務機關總工會,謝嘉茹,103,臺北市大同區昌吉街55號2樓215-216室,(02)25972631
681,工會聯合組織,台北市產職業總工會,曹莉,104,臺北市中山區復興北路62號3樓之2,(02)25151580
682,工會聯合組織,臺北市產職企業總工會,王覺毅,100,臺北市中正區愛國西路9號6樓之2,(02)23832885
683,工會聯合組織,雙北市產業總工會,盧峰毅,973,花蓮縣吉安鄉東里一街156號,(03)8460768
684,工會聯合組織,雙北市職業總工會,黃桂蘭,100,臺北市中正區愛國西路9號4樓之7,(02)23887188
685,工會聯合組織,雙北市總工會,陳桓浩,104,臺北市中山區復興北路62號3樓之2,(02)25151580
686,工會聯合組織,北北基影視流行音樂總工會,陳桓浩,104,臺北市中山區復興北路62號3樓之2,(02)25151580
687,工會聯合組織,大臺北總工會,林政良,100,臺北市中正區愛國西路9號4樓之6,(02)23887188
688,工會聯合組織,大臺北職業總工會,林政良,100,臺北市中正區愛國西路9號4樓之7,(02)23887188
689,工會聯合組織,大臺北產業總工會,張重光,100,臺北市中正區愛國西路9號4樓之9,(02)23144996
690,工會聯合組織,台北市觀光旅遊業工會聯合會,馬潮,104,臺北市中山區林森北路289號7樓702室,(02)25415522
691,工會聯合組織,北臺灣總工會,謝炳山,100,臺北市中正區金山南路一段108號7樓之3,(02)23751655
692,工會聯合組織,台北市勞工總工會,宋細英,100,臺北市中正區羅斯福路2段7之6號9樓,(02)23510823
693,工會聯合組織,台北市工人總工會,張惟皓,108,臺北市萬華區中華路1段182號,(02)23703399
694,工會聯合組織,市縣政府機關環保工會聯合會,李文福,100,臺北市中正區懷寧街58號3樓,
695,工會聯合組織,北台灣汽車客運業工會聯合會,高令國,100,臺北市中正區汀州路3段56號B1,(02)23684067
696,工會聯合組織,台北企業總工會,王裕文,104,臺北市中山區中山北路2段48巷7號4樓,(02)25363001
697,工會聯合組織,台灣勞工總工會,王裕文,104,臺北市中山區中山北路2段48巷7號4樓,(02)25363001
698,工會聯合組織,臺北市工會團體總工會,鄭火賜,114,臺北市內湖區舊宗路二段181巷10號,(02)28105510
699,工會聯合組織,大臺北產職業聯合總工會,廖年豐,104,臺北市中山區民權西路20號5樓之12,(02)25319033
700,工會聯合組織,中華勞工同盟總工會,張高維,104,臺北市中山區中山北路三段29號5樓之2,(02)25959340
701,工會聯合組織,中華職工總工會,吳權鴻,100,臺北市中正區忠孝西路一段41號11樓之11,(02)23756788
702,工會聯合組織,臺北市政府所轄企業工會聯合會,楊振德,100,臺北市中正區懷寧街58號4樓,(02)23318675
