年度,被申訴人,申訴人,協商日,爭議內容
110,台灣國際航電股份有限公司,戴○○,1101229,保固消費爭議
110,香港商天然護髮用品中心有限公司,柯○○,1101229,美髮服務爭議
110,香港商天然護髮用品中心有限公司,孫○○,1101229,美髮服務爭議
110,媚登峰健康事業股份有限公司,林李○○,1101229,瘦身美容課程爭議
110,六書堂數位學習股份有限公司,梅○○,1101229,網際網路教學消費爭議
110,泰昀企業有限公司,李○○,1101228,購買電視消費爭議
110,展雲事業股份有限公司,盧○○,1101228,生前契約塔位消費爭議
110,伊瑪格科技有限公司,林○○,1101228,手機買賣消費爭議
110,亨佳科技有限公司,李○○,1101223,手機保固消費爭議
110,和泰興業股份有限公司,郭○○,1101222,購買冷氣消費爭議
110,網路家庭國際資訊股份有限公司,李○○,1101222,網路購物消費爭議
110,"露天市集國際資訊股份有限公司
（賣家帳號：order-buy0923617020）",李○○,1101222,網路購物消費爭議
110,天機國際有限公司,林○○,1101221,婚姻仲介消費爭議
110,盛客科技有限公司,鄭○○,1101221,網購耳機消費爭議
110,四季資產管理股份有限公司,林○○,1101221,住宅租賃消費爭議
110,展雲事業股份有限公司,何○○,1101220,墓園契約解約消費爭議
110,澄浠貿易有限公司,蕭○○,1101220,儲值金消費爭議
110,采依國際服飾有限公司敦南門市,林○○,1101215,購買衣服消費爭議
110,采依國際服飾有限公司,林○○,1101215,購買衣服消費爭議
110,高盛健身事業股份有限公司,連○○,1101214,健身中心消費爭議
110,林佳真(賣家),黃○○,1101214,購買子母床消費爭議
110,方舟健康事業有限公司,陳○○,1101213,健身教練課程消費爭議
110,仁信健康事業有限公司,陳○○,1101213,健身中心消費爭議
110,伊麗國際有限公司,陳○○,1101210,購買化妝品等消費爭議
110,新加坡商競舞電競有限公司,林○○,1101208,網路連線遊戲爭議
110,創藝奈米科技工作室,蕭○○,1101207,重型機車外觀整修消費爭議
110,海樂影業股份有限公司,譚○○,1101207,藝文表演票券爭議
110,臺灣鐘錶學院,鄭○,1101207,課程消費爭議
110,中國信託商業銀行股份有限公司,陳○○,1101206,美髮服務消費爭議
110,香港商天然護髮用品中心有限公司,陳○○,1101206,美髮服務消費爭議
110,香港商天然護髮用品中心有限公司,楊○○,1101206,美髮服務消費爭議
110,蝦皮賣家帳號：8gb6t27xza,簡○○,1101206,網路購物消費爭議
110,新加坡商蝦皮娛樂電商有限公司,簡○○,1101206,網路購物消費爭議
110,新加坡商蝦皮娛樂電商有限公司,胡○○,1101206,網路購物消費爭議
110,奧瑞兩性工作室,洪○○,1101206,婚友消費爭議
110,雙捷供應鏈科技有限公司,蔡○○,1101203,購物消費爭議
110,兄弟育樂股份有限公司,張○○,1101202,球賽門票消費爭議
110,新加坡商蝦皮娛樂電商有限公司,李○○,1101201,網路購物消費爭議
110,高盛健身事業股份有限公司,楊○○,1101201,健身中心消費爭議
110,大豐吉室內裝修有限公司,賴○○,1101201,購買電動床消費爭議
110,伯達行旅,周○○,1101201,住宿訂房爭議
110,台灣惠而浦股份有限公司,褚○○,1101201,冰箱消費爭議
110,宏越小客車租賃有限公司,陳○○,1101130,租車消費爭議
110,Limelight 美日經典,邱○○,1101130,通訊交易消費糾紛
110,新加坡商蝦皮娛樂電商有限公司,沈○○,1101129,通訊交易帳號使用爭議
110,洪旺有限公司,陳○○,1101126,租車消費爭議
110,金軒揚食品有限公司,徐○○,1101125,食品買賣消費爭議
110,美珍香忠孝一店,徐○○,1101125,食品買賣消費爭議
110,展雲事業股份有限公司,林○○,1101124,購買墓地消費爭議
110,台灣索尼互動娛樂股份有限公司,楊○○,1101124,線上遊戲消費爭議
110,昱融行銷有限公司,唐○○,1101124,委託代辦債務協商爭議
110,高盛健身事業股份有限公司,蔡○○,1101123,健身教練課程爭議
110,高盛健身事業股份有限公司,董○○,1101123,健身教練課程爭議
110,范育貞,尤○○,1101123,房屋租賃消費爭議
110,家臻時尚有限公司,陳○○,1101122,商品訂購消費爭議
110,新加坡商蝦皮娛樂電商有限公司,林○○,1101122,通訊交易記錄爭議
110,蝦皮賣家帳號：jerleme888,梁○○,1101119,通訊交易消費爭議
110,蝦皮賣家帳號：akbkte_f_n,周○○,1101119,通訊交易消費爭議
110,高盛健身事業股份有限公司,黃○○,1101118,健身教練課程爭議
110,"馬來西亞商全亞洲航空長途運輸有
限公司",陳○○,1101118,航空運輸消費爭議
110,香港商天然護髮用品中心有限公司,賀○○,1101117,購買護髮服務券消費爭議
110,上好汽車商行,林○○,1101116,中古汽車買賣消費爭議
110,優食台灣股份有限公司,蕭○○,1101116,美食外送消費爭議
110,雷爵科技股份有限公司,時○○,1101116,通訊交易爭議
110,碧港良居商旅股份有限公司,呂○○,1101115,訂房消費爭議
110,高盛健身事業股份有限公司,何○○,1101115,健身中心消費爭議
110,盛昌乾洗店,方○○,1101115,送洗服務消費爭議
110,仲信資融股份有限公司,黃○○,1101112,美容課程退費爭議
110,高盛健身事業股份有限公司,陳○○,1101112,健身教練課程退費爭議
110,武昌建設股份有限公司,林○○,1011111,塔位爭議
110,南村家居工廠,張○○,1011111,電腦椅退貨爭議
110,仲信資融股份有限公司,徐○○,1101111,無息分期付款爭議
110,高盛健身事業股份有限公司,蔡○○,1101111,健身教練課程退費爭議
110,高盛健身事業股份有限公司,莊○○,1101111,健身教練課程退費爭議
110,速龍有限公司,陳○○,1101111,通訊交易爭議
110,雅漾國際有限公司,孔○○,1101110,購買化粧品消費爭議
110,順利帆有限公司,彭○○,1101110,購買服飾消費爭議
110,新加坡商蝦皮娛樂電商有限公司,呂○○,1101110,通訊交易爭議
110,蝦皮賣家：g7jxulq88s,呂○○,1101110,通訊交易爭議
110,欣民車業行,王○○,1101110,機車買賣爭議
110,彭村梅國際美容事業股份有限公司,王○○,1101110,購買美容課程爭議
110,錏鉑斯生技企業社,曾○○,1101110,按摩課程爭議
110,遊戲橘子數位科技股份有限公司,林○○,1101109,網路連線遊戲爭議
110,高盛健身事業股份有限公司,吳○○,1101108,健身教練課程退費爭議
110,貝殼島有限公司（跨買 TOKUKAI）,張○○,1101108,商品代購爭議
110,海樂影業股份有限公司,陳○○,1101108,藝文票券遊戲爭議
110,遊戲橘子數位科技股份有限公司,陳○○,1101108,網路連線遊戲爭議
110,富胖達股份有限公司,王○○,1101105,美食外送爭議
110,海樂影業股份有限公司,曾○○,1101103,藝文表演票券爭議
110,阿瘦實業股份有限公司,楊○○,1101103,購買皮鞋消費爭議
110,杰爾有限公司,周○○,1101102,購買化妝產品消費爭議
110,皇家俱樂部股份有限公司,劉○○,1101101,健身中心消費爭議
110,家福股份有限公司,吳○○,1101101,食品標示消費爭議
110,ACED FITNESS UK(台灣概念館),陳○○,1101101,健身教練課程退費爭議
110,台灣樂天市場股份有限公司,蔡○○,1101101,網路購物消費爭議
110,碩勝國際有限公司,管○○,1101101,辦理玩具儲值會員卡消費爭議
110,高盛健身事業股份有限公司,許○○,1101101,健身教練課程爭議
110,"狀元 K 書館(啟昊文化事業有限公
司)",袁○○,1101101,包月退費爭議
110,微星科技股份有限公司,張○○,1101101,電腦消費爭議
110,原價屋電腦股份有限公司,鄭○○,1101029,電腦顯示卡消費爭議
110,亨佳科技有限公司,李○○,1101029,網路購買手機消費爭議
110,家福股份有限公司,譚○○,1101028,優惠活動消費爭議
110,進睿國際有限公司,高○○,1101028,購買車輛避震器消費爭議
110,鉅潤國際有限公司,王○○,1101028,仲介服務消費爭議
110,優食台灣管理顧問股份有限公司,戴○,1011027,美食外送服務消費爭議
110,吉恩立數位科技股份有限公司,趙○○,1101026,網路連線遊戲爭議
110,高盛健身事業股份有限公司,于○○,1101025,健身教練課程消費爭議
110,和雲行動服務股份有限公司,羅○○,1101022,租車消費爭議
110,海樂影業股份有限公司,李○○,1101022,藝文表演票券爭議
110,海樂影業股份有限公司,王○○,1101020,藝文表演票券爭議
110,高盛健身事業股份有限公司,葉○○,1101020,個人健身教練課程退費
110,宸寬整合行銷有限公司,黃○○,1101020,債務整合行銷退費爭議
110,仲信資融股份有限公司,張○○,1101020,補習班課程消費爭議
110,"巨匠電腦股份有限公司新店分
公司附設巨二電腦短期補習班",張○○,1101020,補習班課程消費爭議
110,艾德蒙健身有限公司,楊○○,1101020,健身課程消費爭議
110,艾德蒙健身有限公司,魏○○,1101020,健身課程消費爭議
110,銥熙無敵有限公司,季○○,1101019,網路購物消費爭議
110,高式瑜珈,黃○○,1101019,瑜珈課程消費爭議
110,魔塊遊戲有限公司,賴○○,1101019,網路連線遊戲爭議
110,新加坡商競舞電競有限公司,林○○,1101018,網路連線遊戲爭議
110,海樂影業股份有限公司,鄭○○,1101015,藝文票券爭議
110,亨佳科技有限公司,莊○○,1101015,網購解約爭議
110,藍星數位電商有限公司,吳○○,1101014,網購解約爭議
110,亨佳科技有限公司,林○○,1101013,保固爭議
110,皇家俱樂部股份有限公司,陳○○,1101013,健身消費爭議
110,蝦皮賣家帳號:albee008,謝○○,1101013,網路購物消費爭議
110,新加坡商蝦皮娛樂電商有限公司,謝○○,1101013,網路購物消費爭議
110,方舟健康事業有限公司,邱○○,1101013,運動健身消費爭議
110,高盛健身事業股份有限公司,張○○,1101013,運動健身消費爭議
110,K&C 車體美容,林○○,1101013,汽車美容爭議
110,展望動物醫院,蘇○○,1101013,寵物醫療爭議
110,汪汪本舖,閔○○,1101013,購買寵物消費爭議
110,Skyline nail shop 風采美甲美睫沙龍,黃○○,1101012,美容服務爭議
110,足渡瀾工作室,梁○○,1101012,手工皂爭議
110,嘖室股份有限公司,王○○,1101012,募資平台爭議
110,青沐創意行銷有限公司,王○○,1101012,募資平台爭議
110,欣輪機車行,孫○○,1101012,機車買賣維修消費爭議
110,林愛蓮,莊○○,1101008,房屋租賃消費爭議
110,富胖達股份有限公司,許○○,1101007,美食外送消費爭議
110,網路家庭國際資訊股份有限公司,黃○○,1101007,損害賠償爭議
110,遊戲橘子數位科技股份有限公司,陳○○,1101007,線上遊戲帳號遭盜爭議
110,崧誠不動產仲介有限公司,楊○○,1101007,房屋仲介消費爭議
110,台灣房屋仲介股份有限公司,楊○○,1101007,房屋仲介消費爭議
110,蝦皮賣家帳號:  xulijuan888,陳○○,1101006,網購及凍結帳號等消費爭議
110,蝦皮賣家帳號:  dawai.tw,陳○○,1101006,網購及凍結帳號等消費爭議
110,蝦皮賣家帳號:  chishengdi,陳○○,1101006,網購及凍結帳號等消費爭議
110,新加坡商蝦皮娛樂電商有限公司,陳○○,1101006,網購及凍結帳號等消費爭議
110,奧斯卡文化事業股份有限公司,姚○○,1101006,購買英文教材課程消費爭議
110,蕾絲娃娃法式手工婚紗攝影台北館,張○○,1101004,婚紗攝影消費爭議
110,Google LLC,林○○,1101004,軟體訂約消費爭議
110,升馳汽車,蘇○○,1101001,維修服務爭議
110,丹妮商城,楊○○,1101001,網路購物消費爭議
110,冠笙室內裝修有限公司,黃○○,1101001,室內裝修消費爭議
110,達利創意行銷企業社,郭○○,1100930,貸款服務消費爭議
110,艾傑貿易商行,鄭○○,1100929,網路購物消費爭議
110,Google LLC,宋○○,1100929,購買手機消費爭議
110,橘子乾洗店,薛○○,1100929,洗衣消費爭議
110,北吉房屋仲介有限公司,謝○○,1100929,房屋仲介消費爭議
110,驛站停車場事業有限公司,張○○,1100929,停車場消費爭議
110,仲信資融股份有限公司,詹○○,1100928,學習教材消費爭議
110,蚤樂趣小港航空店,吳○○,1100928,通訊交易消費爭議
110,方舟健康事業有限公司,張○○,1100928,運動健身消費爭議
110,東風數位科技股份有限公司,馬○○,1100928,線上遊戲消費爭議
110,新加坡商競舞電競有限公司,劉○○,1100928,線上遊戲消費爭議
110,富胖達股份有限公司,趙○○,1100927,美食外送消費爭議
110,太讚了市民店,趙○○,1100927,美食外送消費爭議
110,宮廷遊戲科技有限公司,黃○○,1100927,線上遊戲消費爭議
110,蝦皮賣家帳號:n9871t4,江○○,1100927,通訊交易消費爭議
110,高盛健身事業股份有限公司,張○○,1100927,健身中心消費爭議
110,露天賣家帳號:gtcc5610,楊○○,1100924,通訊交易消費爭議
110,宮廷遊戲科技有限公司,林○○,1100924,線上遊戲消費爭議
110,仲信資融股份有限公司,徐○○,1100924,瘦身美容課程消費爭議
110,溱子瑞國際實業有限公司,徐○○,1100924,瘦身美容課程消費爭議
110,"驛站停車場事業有限公司內湖東京
收費停車場",李○○,1100923,停車位租賃爭議
110,蝦皮賣家帳號:hn_oxghv86,林○○,1100922,通訊交易消費爭議
110,全家便利商店寶興店,梁○○,1100922,購買遊戲點數等消費爭議
110,新加坡商競舞電競有限公司,梁○○,1100922,購買遊戲點數等消費爭議
110,台灣林內工業股份有限公司,林○○,1100922,購買瓦斯爐消費爭議
110,"台灣屈臣氏個人用品商店股份有限
公司",李○○,1100917,通訊交易消費爭議
110,萌福寵物生活館,黃○○,1100917,寵物買賣消費爭議
110,睿能創意股份有限公司,曾○○,1100917,購買機車消費爭議
110,"臺北市私立實力建築土木及都市短
期補習班",徐○○,1100917,補習班課程消費爭議
110,臻穎股份有限公司,張○○,1100916,送洗衣物消費爭議
110,新加坡商蝦皮娛樂電商有限公司,蔡○○,1100916,通訊交易消費爭議
110,"新加坡商蝦皮娛樂電商有限公司賣
家帳號 amore8",蔡○○,1100916,通訊交易消費爭議
110,茗妍美容院,李○○,1100915,醫美服務消費爭議
110,家福股份有限公司,曾○○,1100915,購物(折價券)消費爭議
110,萬林工程有限公司,李○○,1100915,室內設計裝修消費爭議
110,遊戲橘子數位科技股份有限公司,顏○○,1100914,網路連線遊戲消費爭議
110,卡汀娜國際股份有限公司,郭○○,1100913,預付消費爭議
110,黃政源,徐○○,1100913,房屋租賃消費爭議
110,力麗明池股份有限公司,周○○,1100911,住宿服務消費爭議
110,蝦皮賣家帳號:1bnq21epd6,徐○○,1100911,網路購物消費爭議
110,新加坡商蝦皮娛樂電商有限公司,徐○○,1100911,網路購物消費爭議
110,"唐岱資訊(露天賣家帳
號:chenshiouwei2012)",黃○○,1100910,網路購物消費爭議
110,"台灣屈臣氏個人用品商店股份有限
公司",劉○○,1100909,網路購物消費爭議
110,旋轉拍賣賣家：@vivivivivivivivi,蘇○○,1100909,通訊交易消費爭議
110,旋轉拍賣有限公司,蘇○○,1100909,通訊交易消費爭議
110,德星科技,童○○,1100909,機車維修消費爭議
110,媚恪有限公司,許○○,1100909,美容商品消費爭議
110,仲信資融股份有限公司,徐○○,1100908,補習課程消費爭議
110,新加坡商蝦皮娛樂電商有限公司,陳○○,1100907,通訊交易消費爭議
110,蝦皮賣家帳號：wsxqaz951,陳○○,1100907,通訊交易消費爭議
110,澎湖米悅民宿二館,鹿○○,1100907,住宿訂房消費爭議
110,以勒房屋仲介有限公司,李○○,1100907,委託銷售不動產消費爭議
110,住商實業股份有限公司,李○○,1100907,委託銷售不動產消費爭議
110,仲信資融股份有限公司,連○○,1100906,補習課程消費爭議
110,智擎數位科技股份有限公司,連○○,1100906,補習課程消費爭議
110,凱擘股份有限公司,姚○○,1100903,有線電視消費爭議
110,東方量子股份有限公司,張○○,1100903,美容服務消費爭議
110,茂榕數位科技有限公司,曾○,1100902,購買抹布消費爭議
110,合總建設股份有限公司,陳○○,1100902,房屋客變保固爭議
110,永瑩國際有限公司,許○○,1100902,床墊退款爭議
110,裕富數位資融股份有限公司,蕭○○,1100901,網際網路教學消費爭議
110,網路家庭國際資訊股份有限公司,姜○○,1100901,網路購物爭議
110,新加坡商競舞電競有限公司,陳○○,1100901,網路連線遊戲消費爭議
110,台灣微軟股份有限公司,林○○,1100831,帳號復原消費爭議
110,新加坡商蝦皮娛樂電商有限公司,程    ○,1100831,通訊交易消費爭議
110,陳鳳嬌,程    ○,1100831,通訊交易消費爭議
110,遊戲橘子數位科技股份有限公司,蘇    ○,1100831,網路連線遊戲消費爭議
110,統一生活事業股份有限公司,閆○○,1100830,購買化妝品消費爭議
110,和德昌股份有限公司,吳○○,1100830,使用集點券消費爭議
110,新加坡商蝦皮娛樂電商有限公司,董○○,1100830,通訊交易消費爭議
110,愛玩美洗衣店,黃○○,1100827,洗衣服務消費爭議
110,Apple Brothers,詹○○,1100827,維修服務消費爭議
110,aca korea,宋○○,1100827,通訊交易消費爭議
110,愛麗絲生活事業有限公司,丁    ○,1100827,洗衣服務消費爭議
110,台灣保時捷車業股份有限公司,陳○○,1100827,汽車保固消費爭議
110,沐月民宿,李○○,1100826,住宿訂房消費爭議
110,伽螞移動數位股份有限公司,黃○○,1100826,網路連線遊戲消費爭議
110,新木丰木業有限公司,郭○○,1100826,買賣木地板爭議
110,宏翔洗衣店,黃○○,1100824,會員儲值金爭議
110,遠智創新股份有限公司,趙○○,1100824,募資商品出貨爭議
110,嘖室股份有限公司,趙○○,1100824,募資商品出貨爭議
110,學米股份有限公司,王○○,1100824,網際網路教學消費爭議
110,互聯新創有限公司,張○○,1100823,不動產買賣消費爭議
110,蝦皮帳號：bonnie813,林○○,1100823,通訊交易消費爭議
110,新加坡商蝦皮娛樂電商有限公司,林○○,1100823,通訊交易消費爭議
110,蝦皮帳號  ：xiamen_xiaoge088,林○○,1100823,通訊交易消費爭議
110,新加坡商蝦皮娛樂電商有限公司,林○○,1100823,通訊交易消費爭議
110,蝦皮帳號：piggycas,鄭○○,1100823,通訊交易消費爭議
110,新加坡商蝦皮娛樂電商有限公司,鄭○○,1100823,通訊交易消費爭議
110,富胖達股份有限公司,洪○○,1100823,美食外送服務消費爭議
110,吉恩立數位科技股份有限公司,陳○○,1100818,線上遊戲爭議
110,渼珞有限公司,陳○○,1100818,婚友服務消費爭議
110,好室平價搬家公司,郭○○,1100817,搬家服務消費爭議
110,展裕國際有限公司,陳○○,1100816,寶寶米餅賠償爭議
110,蝦皮賣家帳號:@tsubasa731202,馮○○,1100816,通訊交易消費爭議
110,金勻有限公司,張○○,1100816,債務協商服務消費爭議
110,蘭溪美容股份有限公司,鍾○○,1100813,美容瘦身服務消費爭議
110,新加坡商蝦皮娛樂電商有限公司,黃○○,1100813,通訊交易消費爭議
110,速龍有限公司,黃○○,1100813,通訊交易消費爭議
110,橘子乾洗,鄭○○○,1100813,洗衣消費爭議
110,臻美 SPA 會館（伊麗 SPA）,黃○○,1100813,購買美容課程消費爭議
110,新加坡商蝦皮娛樂電商有限公司,賴○○,1100812,網路購物爭議
110,新加坡商蝦皮娛樂電商有限公司,王○○,1100811,網路購物爭議
110,英斯伯貿易有限公司,鄭○○,1100811,購物(鞋子)消費爭議
110,莫哥網路遊戲工作室,溫○○,1100811,網路連線遊戲消費爭議
110,傑曼車庫,林○○,1100810,中古車買賣消費爭議
110,青沐創意行銷有限公司,高○○,1100810,募資平台消費爭議
110,嘖室股份有限公司,高○○,1100810,募資平台消費爭議
110,展裕國際有限公司,林○○,1100809,寶寶米餅賠償爭議
110,顏福榮(房東),林○○,1100806,房屋租賃消費爭議
110,狀元 K 書館,楊○○,1100806,租用書櫃消費爭議
110,大偉異想世界影像創作坊,張○○,1100805,婚禮攝影消費爭議
110,原價屋電腦股份有限公司,董○○,1100805,購買電腦零件 CPU 消費爭議
110,芸妮有限公司,鄭○○,1100803,購買化妝品消費爭議
110,中弘科技有限公司,張○○,1100803,購買筆記型電腦
110,學米股份有限公司、,陳○○,1100802,購買補習班線上課程
110,仲信資融股份有限公司,陳○○,1100802,購買補習班線上課程
110,"巨匠電腦股份有限公司附設臺北市
私立巨匠電腦短期補習班公園分班",劉○○,1100730,短期補習班消費爭議
110,APP Women,鄭○○,1100730,Accupass 活動消費爭議
110,大潤發流通事業股份有限公司,程○○,1100517,購物消費爭議
110,中華賓士汽車股份有限公司,廖○○,1100514,汽車維修消費爭議
110,蝦皮賣家帳號：supertjf,鄭○○,1100514,通訊交易消費爭議
110,山肴鮨餐館,鄭○○,1100514,餐廳服務消費爭議
110,吉恩立數位科技股份有限公司,梁○○,1100513,網路連線遊戲品質爭議
110,WUZ 屋子,鍾○○,1100513,網路購物消費爭議
110,尚凡國際創新科技股份有限公司,陳○○,1100512,直播消費爭議
110,德總電腦有限公司,童○○,1100512,網路購物消費爭議
110,"遠智創新股份有限公司
嘖室股份有限公司",盧○○,1100512,網路購物消費爭議
110,斗六小學館,陳○○,1100512,網路購物消費爭議
110,臺灣賓士股份有限公司,林○○,1100512,汽車消費爭議
110,儷客旅店站前店,戴○○,1100511,訂房消費爭議
110,safa 韓國精品,宋○○,1100510,網路購物消費爭議
110,芸妮有限公司,張○○,1100510,購買美容商品消費爭議
110,臺灣索迪斯萬通股份有限公司,賴○○,1100507,禮券消費爭議
110,柏文健康事業股份有限公司,盧○○,1100507,健身中心消費爭議
110,SUM 誠德汽車,蔡○○,1100506,購買汽車消費爭議
110,松果購物股份有限公司,郭○○,1100506,網路購物消費爭議
110,點點點行銷有限公司,余○○,1100506,投標網站消費爭議
110,奧瑞兩性工作室,王○○,1100505,兩性課程消費爭議
110,旋轉拍賣有限公司,陳○○,1100505,網路購物消費爭議
110,張允硯,洪○○,1100504,房屋租賃消費爭議
110,方舟文旅-山嵐新館,陳○○,1100504,訂房住宿服務消費爭議
110,新竹物流股份有限公司,羅○○,1100503,運送契約消費爭議
110,芸妮有限公司,曾○○,1100503,購買美容商品消費爭議
110,一元生技股份有限公司,吳○○,1100429,購買美容課程消費爭議
110,樂購蝦皮股份有限公司,謝○○,1100429,網路購物消費爭議
110,凱擘股份有限公司,鄭○○,1100428,電信服務消費爭議
110,泰商泰國航空國際有限公司,楊○○,1100427,購買機票消費爭議
110,劉煒旭,劉○○,1100427,購買塑膠箱消費爭議
110,盛昌乾洗店,陳○○,1100427,洗衣消費爭議
110,台灣三星電子股份有限公司,林○○,1100426,三星活動消費爭議
110,臺灣之星電信股份有限公司,李○○,1100423,電信契約消費爭議
110,樂天全省回頭車搬家,陳○○,1100422,運送契約消費爭議
110,香港商世界健身事業有限公司,唐○○,1100422,健身中心退費消費爭議
110,吉恩立數位科技股份有限公司,江○○,1100421,網路連線遊戲消費爭議
110,海君國際有限公司,高○○,1100421,瘦身美容消費爭議
110,訊億貿易有限公司,林○○,1100421,網購監視器消費爭議
110,帝力佛英雄商城股份有限公司,盧○○,1100420,美食外送服務消費爭議
110,新加坡商競舞電競有限公司,張○○,1100420,網路連線遊戲消費爭議
110,ms.1983,潘○○,1100419,通訊交易消費爭議
110,蝦皮賣家：207_jdc93k,余○○,1100419,通訊交易消費爭議
110,茱蒂婚紗攝影事業有限公司,林○○,1100416,婚紗攝影消費爭議
110,音象網路科技股份有限公司,廖○○,1100415,購買數位學習教材消費爭議
110,雅虎賣家帳號:Y8584844961,張○○,1100414,網購消費爭議
110,瑞爾鼎電子有限公司,陳○○,1100412,產品瑕疵爭議
110,優食台灣管理顧問股份有限公司,陳○○,1100412,美食外送服務消費爭議
110,宣寶石珊瑚行,薛○○,1100409,購買珊瑚手鍊消費爭議
110,翔順機車託運,郭○○,1100409,機車託運消費爭議
110,班尼斯名床企業社,王○○,1100409,網購消費爭議
110,"馥裕商旅股份有限公司(凱達大飯
店)",賴○○,1100407,飯店住宿消費爭議
110,保瀚數位行銷有限公司,劉○○,1100406,商品瑕疵消費爭議
110,"新加坡商蝦皮娛樂電商有限公司
（bobby80148）",何○○,1100406,通訊交易消費爭議
110,地景澤行館,李○○,1100331,訂房消費爭議
110,智擎數位科技股份有限公司,周○○,1100331,補習班課程消費爭議
110,冠庭國際股份有限公司,劉○○,1100331,禮券消費爭議
110,台灣燕之家有限公司,劉○○,1100331,禮券消費爭議
110,仲信資融股份有限公司,周○○,1100331,網際網路教學消費爭議
110,仲信資融股份有限公司,陳○○,1100331,網際網路教學消費爭議
110,富胖達股份有限公司,曹○○,1100330,美食外送消費爭議
110,台灣耐基商業有限公司,郭○○,1100325,退款等消費爭議
110,禾湘婚禮工作室,康○○,1100325,婚秘退費消費爭議
110,摩奇雷洛有限公司,謝○○,1100324,募資平台退貨消費爭議
110,洗鞋堂專業洗包洗鞋店,王○○,1100324,洗鞋消費爭議
110,祥發國際租賃有限公司,吳○○,1100324,小客車租賃消費爭議
110,速龍有限公司,巫○○,1100324,通訊交易消費爭議
110,呂淑婉,杜○○,1100322,房屋租賃消費爭議
110,華時尚文化藝術傳媒股份有限公司,黃○○,1100322,藝文展演活動消費爭議
110,銳果物流整合行銷有限公司,楊○○,1100318,通訊交易消費爭議
110,速龍有限公司,黃○○,1100317,產品標示疑義消費爭議
110,伊麗國際有限公司,葉○○,1100317,美容課程消費爭議
110,遊戲新幹線科技股份有限公司,江○○,1100317,網路連線遊戲消費爭議
110,坦智能旅店,何○○,1100315,旅店住宿消費爭議
110,遊戲橘子數位科技股份有限公司,盧○○,1100312,網路連線遊戲消費爭議
110,智擎數位科技股份有限公司,石○○,1100312,網際網路教學消費爭議
110,露天帳號 terryyms1,王○○,1100310,通訊交易消費爭議
110,髮髣美髮工作室,林○○,1100309,美髮消費爭議
110,橘子乾洗(世貿店),丁○,1100309,洗衣服務消費爭議
110,SEACRET 秘之海,王○○,1100309,解除契約退費爭議
110,家福股份有限公司,林○○,1100308,購買巧克力粉消費爭議
110,深態潛水器材有限公司,黃○○,1100308,潛水行程消費爭議
110,台灣數位音頻企業社,劉○○,1100308,網購退貨爭議
110,理想國演藝股份有限公司,吳○○,1100308,藝文活動演唱退票爭議
110,蝦皮賣家帳號:hmkfxituk,林○○,1100305,網購消費爭議
110,蝦皮賣家帳號:onewaytw,郭○○,1100303,網購消費爭議
110,新加坡商競舞電競有限公司,程○○,1100303,網路連線遊戲消費爭議
110,Google LLC,陳○○,1100303,電信小額支付消費爭議
110,Sislife,夏○,1100302,網購消費爭議
110,家福股份有限公司,吳○○,1100302,停車場設施致損害消費爭議
110,禾湘婚禮工作室(小城堡),王○○,1100226,新娘秘書服務消費爭議
110,奧森國際語言有限公司,蕭○○,1100226,課程退費爭議
110,TAEHEE W 韓國婚紗攝影,龔○○,1100226,婚紗攝影解約退費消費爭議
110,有閑數位科技股份有限公司,林○○,1100225,通訊交易消費爭議
110,百分百實木傢俱有限公司,江○○,1100224,購買傢俱退貨消費爭議
110,遠時數位科技股份有限公司,龐○○,1100222,通訊交易消費爭議
110,小蔡電器,游○○,1100220,網購解約退費消費爭議
110,禾湘婚禮工作室(小城堡),江○○,1100220,新娘秘書服務消費爭議
110,香港商比錫茲有限公司,潘○○,1100220,外送平台退費爭議
110,禾湘婚禮工作室(小城堡),鄭○○,1100220,新娘秘書服務消費爭議
110,成欽電腦,陳○○,1100219,通訊交易消費爭議
110,鄉民有限公司,楊○○,1100219,通訊交易消費爭議
110,蘇弘葦(房東),蔡○○,1100218,房屋租賃爭議
110,嘖室股份有限公司,楊○○,1100218,募資平台消費爭議
110,非訊股份有限公司,楊○○,1100218,募資平台消費爭議
110,美學主義美妍中心,張○○,1100218,美容課程消費爭議
110,台灣樂天市場股份有限公司,張○○,1100204,購物回饋點數活動消費爭議
110,中華網龍股份有限公司,呂○○,1100204,線上遊戲爭議
110,rebirth,何○○,1100203,美睫服務消費爭議
110,可承國際股份有限公司,張○○,1100203,解約退費消費爭議
110,創建櫥櫃有限公司,唐○○,1100203,廚櫃設備解約退費消費爭議
110,蝦皮賣家帳號：a810147,陳○○,1100202,商品瑕疵消費爭議
110,全家便利商店股份有限公司,薛○○,1100202,咖啡寄杯等消費爭議
110,台灣臉書有限公司,駱○○,1100201,線上遊戲消費爭議
110,網銀國際股份有限公司,駱○○,1100201,線上遊戲消費爭議
110,仲信資融股份有限公司,李○○,1100201,網際網路教學消費爭議
110,智擎數位科技股份有限公司,李○○,1100201,網際網路教學消費爭議
110,樂我科技發展有限公司,李○○,1100129,線上遊戲消費爭議
110,加家國際精品有限公司,陳○○,1100129,網購消費爭議
110,尚越科技股份有限公司,陳○○,1100128,除濕機維修消費爭議
110,愛進化科技股份有限公司,吳○○,1100128,手機殼致生損害消費爭議
110,"樂視達集團  石頭科技（耀晶電子有
限公司）",郭○○,1100128,網購消費爭議
110,和豐國際實業有限公司,王○○,1100127,房屋仲介消費爭議
110,銳果物流整合行銷有限公司,楊○○,1100126,購物解約退費爭議
110,喬尼亞興業有限公司,黃○○,1100126,購物解約退費爭議
110,沃克斯股份有限公司,陳○○,1100122,室內裝修消費爭議
110,蝦皮賣家帳號:misa.c,葉○○,1100122,網購消費爭議
110,立吉富線上金流股份有限公司,林○○,1100120,網購退費爭議
110,嘖室股份有限公司,林○○,1100120,網購退費爭議
110,遊戲橘子數位科技股份有限公司,莊○○,1100119,網路連線遊戲消費爭議
110,Google LLC,范○○,1100118,電信代收消費爭議
110,新加坡商蝦皮娛樂電商有限公司,張○○,1100114,網購消費爭議
110,賣家帳號：＠.j.c.shop,張○○,1100114,網購消費爭議
110,國華徵信有限公司,龔○○,1100114,徵信事務消費爭議
110,香港商比錫茲有限公司,柳○○,1100113,訂餐外送消費爭議
110,宮廷遊戲科技有限公司,黃○○,1100111,網路連線遊戲消費爭議
110,新加坡商蝦皮娛樂電商有限公司,周○○,1100111,網購消費爭議
110,賣家帳號：lkjghj,周○○,1100111,網購消費爭議
110,遊戲橘子數位科技股份有限公司,黃○,1100111,線上遊戲消費爭議
110,沈淑滿(房東),彭○○,1100111,房屋租賃消費爭議
110,帝科傳播有限公司,陳○○,1100108,通訊交易消費爭議
110,宜家家居股份有限公司,高○○,1100108,商品瑕疵消費爭議
110,新禾興業股份有限公司,林○○,1100108,電視保固爭議
110,電電購股份有限公司,黃○○,1100108,洗衣機故障消費爭議
110,新韸電器有限公司,陳○○,1100107,通訊交易消費爭議
110,中租迪和股份有限公司,楊○○,1100107,補習課程退費消費爭議
110,富華資產管理有限公司,楊○○,1100107,補習課程退費消費爭議
110,茱蒂文創婚禮,蘇○○,1100106,婚紗攝影消費爭議
110,嘖室股份有限公司,鄭○○,1100106,網購退費爭議
110,晶英國際行館,劉○○,1100106,飯店住宿損害賠償爭議
110,華芸瑜珈天地坊,吳○,1100106,瑜珈課程退費爭議
110,華芸瑜珈天地坊,張○○,1100106,瑜珈課程退費爭議
110,香港商台灣意比有限公司,王○○,1100105,通訊交易消費爭議
110,新加坡商蝦皮娛樂電商有限公司,黃○○,1100104,通訊交易消費爭議
110,張宗明,萩○○○,1100104,房屋租賃消費爭議
